#miRNA	read_count
bta-chr10_473_st	0
bta-chr11_669_st	0
bta-chr11_673_st	0
bta-chr12_894_st	0
bta-chr13_1090_st	0
bta-chr14_1462_st	0
bta-chr15_1607_st	0
bta-chr16_1848_st	0
bta-chr17_2214_st	0
bta-chr17_2246_st	0
bta-chr18_2374_st	0
bta-chr18_2378_st	0
bta-chr18_2379_st	0
bta-chr19_2625_st	0
bta-chr1_158_st	0
bta-chr21_3026_st	0
bta-chr21_3362_st	0
bta-chr23_3703_st	0
bta-chr25_4070_st	0
bta-chr28_4425_st	0
bta-chr2_2863_st	0
bta-chr5_5363_st	0
bta-chr8_6111_st	0
bta-chr9_6235_st	0
bta-chrX_6439_st	0
bta-chrX_6475_st	0
bta-chrX_6479_st	0
bta-chrX_6561_st	0
bta-chrX_6576_st	0
hsa-let-7a-2-3p	0
mmu-let-7a-2-3p	0
rno-let-7a-2-3p	0
mdo-let-7a-3p	0
mml-let-7a-2-3p	0
aca-let-7c-2-3p	0
ssa-let-7a-3p	0
oha-let-7c-1-3p	0
tgu-let-7b-3p	0
aca-let-7b-3p	0
pol-let-7b-3p	0
pol-let-7a-3p	0
oha-let-7b-3p	0
hsa-let-7c-3p	0
mmu-let-7c-1-3p	0
rno-let-7c-1-3p	0
gga-let-7c-3p	0
dre-let-7c-3p	0
dre-let-7d-3p	0
mml-let-7c-3p	0
tgu-let-7c-3p	0
aca-let-7c-1-3p	0
cgr-let-7c	0
pol-let-7d-3p	0
oan-let-7c-3p	0
ssa-let-7c-3p	0
ssa-let-7d-3p	0
chi-let-7c-3p	0
oha-let-7c-3-3p	0
hsa-let-7e-3p	0
mmu-let-7e-3p	0
rno-let-7e-3p	0
mml-let-7e-3p	0
chi-let-7e-3p	0
hsa-let-7f-1-3p	0
mmu-let-7f-1-3p	0
rno-let-7f-1-3p	0
gga-let-7f-3p	0
mdo-let-7f-1-3p	0
oan-let-7f-1-3p	0
mml-let-7f-3p	0
tgu-let-7f-3p	0
aca-let-7f-2-3p	0
ssa-let-7f-3p	0
chi-let-7f-3p	0
oha-let-7f-2-3p	0
hsa-let-7f-2-3p	0
mmu-let-7f-2-3p	0
rno-let-7f-2-3p	0
mdo-let-7f-2-3p	0
oan-let-7f-2-3p	0
aca-let-7a-3p	0
ssa-let-7g-3p	0
mmu-let-7g-3p	0
hsa-let-7g-3p	0
gga-let-7g-3p	0
mdo-let-7g-3p	0
oan-let-7g-3p	0
mml-let-7g-3p	0
tgu-let-7g-3p	0
cgr-let-7g-3p	0
rno-let-7g-3p	0
chi-let-7g-3p	0
oha-let-7g-3p	0
mmu-let-7i-3p	0
hsa-let-7i-3p	0
rno-let-7i-3p	0
mdo-let-7i-3p	0
mml-let-7i-3p	0
tgu-let-7i-3p	0
aca-let-7i-3p	0
cgr-let-7i	0
aja-let-7i	0
chi-let-7i-3p	0
oha-let-7i-3p	0
mmu-miR-1a-2-5p	0
gga-miR-1a-2-5p	0
mdo-miR-1-1-5p	0
oan-miR-1a-5p	0
mml-miR-1-2-5p	0
tgu-miR-1-2-5p	0
aca-miR-1a-1-5p	0
ssa-miR-1-5p	0
oha-miR-1a-5p	0
mmu-miR-100-3p	0
rno-miR-100-3p	0
mml-miR-100-3p	0
mdo-miR-100-3p	0
oan-miR-100-3p	0
cgr-miR-100-3p	0
ssa-miR-100a-2-3p	0
chi-miR-100-3p	0
hsa-miR-101-5p	0
mmu-miR-101a-5p	0
rno-miR-101a-5p	0
mml-miR-101-1-5p	0
mdo-miR-101-1-5p	0
gga-miR-101-2-5p	0
tgu-miR-101-2-5p	0
ola-miR-101a-5p	0
chi-miR-101-5p	0
rno-miR-101b-5p	0
mmu-miR-101b-5p	0
mdo-miR-101-2-5p	0
mml-miR-101-2-5p	0
cgr-miR-101b-5p	0
mmu-miR-103-1-5p	0
rno-miR-103-1-5p	0
gga-miR-103-1-5p	0
mml-miR-103-5p	0
mdo-miR-103-1-5p	0
oan-miR-103-1-5p	0
oha-miR-103a-5p	0
hsa-miR-103a-2-5p	0
mmu-miR-103-2-5p	0
rno-miR-103-2-5p	0
gga-miR-103-2-5p	0
mdo-miR-103-2-5p	0
oan-miR-103-2-5p	0
tgu-miR-103-5p	0
aca-miR-103-5p	0
cgr-miR-103-5p	0
chi-miR-103-5p	0
oha-miR-103b-5p	0
hsa-miR-105-5p	0
hsa-miR-105-3p	0
ssc-miR-105-1	0
ppy-miR-105	0
ggo-miR-105	0
ppa-miR-105	0
ptr-miR-105	0
mml-miR-105-5p	0
mml-miR-105-3p	0
sla-miR-105	0
lla-miR-105	0
mne-miR-105	0
bta-miR-105a	0
cfa-miR-105a	0
eca-miR-105	0
chi-miR-105a	0
chi-miR-105b-3p	0
ssc-miR-105-2	0
bta-miR-105b	0
cfa-miR-105b	0
chi-miR-105b-5p	0
hsa-miR-106a-5p	0
gga-miR-106-5p	0
ssc-miR-106a	0
ggo-miR-106a	0
age-miR-106a	0
ppa-miR-106a	0
mml-miR-106a-5p	0
mml-miR-106a-3p	0
ppy-miR-106a	0
ptr-miR-106a	0
sla-miR-106a	0
mne-miR-106a	0
bta-miR-106a	0
oan-miR-106-5p	0
cfa-miR-106a	0
tgu-miR-106-5p	0
oar-miR-106a	0
ssa-miR-106b-5p	0
chi-miR-106a-5p	0
chi-miR-106a-3p	0
hsa-miR-107	0
mmu-miR-107-5p	0
mmu-miR-107-3p	0
rno-miR-107-5p	0
rno-miR-107-3p	0
gga-miR-107-5p	0
gga-miR-107-3p	0
dre-miR-107a-3p	0
ssc-miR-107	0
mml-miR-107-5p	0
mml-miR-107-3p	0
ptr-miR-107	0
ggo-miR-107	0
ppy-miR-107	0
lla-miR-107	0
mne-miR-107	0
ppa-miR-107	0
tni-miR-107	0
xtr-miR-107	0
bta-miR-107	0
mdo-miR-107	0
oan-miR-107-5p	0
oan-miR-107-3p	0
cfa-miR-107	0
eca-miR-107b	0
tgu-miR-107	0
aca-miR-107-5p	0
aca-miR-107-3p	0
ola-miR-103	0
ola-miR-107	0
cgr-miR-107	0
ccr-miR-107	0
ipu-miR-107a	0
ipu-miR-107b	0
oar-miR-107	0
ssa-miR-107-5p	0
ssa-miR-107-3p	0
efu-miR-107	0
chi-miR-107-3p	0
tch-miR-107	0
oha-miR-107-5p	0
oha-miR-107-3p	0
hsa-miR-10a-3p	0
mmu-miR-10a-3p	0
rno-miR-10a-3p	0
mdo-miR-10a-3p	0
oan-miR-10a-3p	0
gga-miR-10a-3p	0
mml-miR-10a-3p	0
ssc-miR-10a-3p	0
cgr-miR-10a-3p	0
chi-miR-10a-3p	0
mmu-miR-10b-3p	0
hsa-miR-10b-3p	0
rno-miR-10b-3p	0
gga-miR-10b-3p	0
mdo-miR-10b-3p	0
oan-miR-10b-3p	0
mml-miR-10b-3p	0
tgu-miR-10a-3p	0
aca-miR-10b-3p	0
cgr-miR-10b-3p	0
efu-miR-10	0
chi-miR-10b-3p	0
oha-miR-10c-3p	0
hsa-miR-1179	0
ptr-miR-1179	0
bta-miR-1179	0
eca-miR-1179	0
ggo-miR-1179	0
mml-miR-1179	0
hsa-miR-1185-5p	0
ptr-miR-1185	0
bta-miR-1185	0
eca-miR-1185	0
ppy-miR-1185	0
oar-miR-1185-5p	0
oar-miR-1185-3p	0
ggo-miR-1185	0
mml-miR-1185-5p	0
chi-miR-1185-5p	0
chi-miR-1185-3p	0
bta-miR-1193	0
eca-miR-1193	0
oar-miR-1193-3p	0
mmu-miR-1197-5p	0
mmu-miR-1197-3p	0
hsa-miR-1197	0
ptr-miR-1197	0
bta-miR-1197	0
eca-miR-1197	0
ppy-miR-1197	0
oar-miR-1197-3p	0
ggo-miR-1197	0
chi-miR-1197-3p	0
mmu-miR-122-3p	0
hsa-miR-122-3p	0
gga-miR-122-3p	0
mdo-miR-122-3p	0
oan-miR-122-3p	0
mml-miR-122a-3p	0
tgu-miR-122-3p	0
aca-miR-122-3p	0
ola-miR-122	0
ssa-miR-122-2-3p	0
oha-miR-122-3p	0
hsa-miR-1224-5p	0
hsa-miR-1224-3p	0
ptr-miR-1224-5p	0
ptr-miR-1224-3p	0
mml-miR-1224-5p	0
mml-miR-1224-3p	0
bta-miR-1224	0
ppy-miR-1224-5p	0
ppy-miR-1224-3p	0
chi-miR-1224	0
bta-miR-1225-3p	0
bta-miR-1247-5p	0
bta-miR-1247-3p	0
hsa-miR-1248	0
ptr-miR-1248	0
bta-miR-1248	0
ppy-miR-1248	0
chi-miR-1248-5p	0
hsa-miR-1248	0
ptr-miR-1248	0
bta-miR-1248	0
ppy-miR-1248	0
chi-miR-1248-5p	0
mmu-miR-1249-3p	0
hsa-miR-1249-3p	0
ptr-miR-1249	0
bta-miR-1249	0
ppy-miR-1249	0
rno-miR-1249	0
ggo-miR-1249	0
mml-miR-1249	0
ssc-miR-1249	0
cfa-miR-1249	0
eca-miR-1249	0
efu-miR-1249	0
chi-miR-1249	0
mmu-miR-124-5p	0
mmu-miR-124-3p	0
cel-miR-124-3p	0
dme-miR-124-3p	0
hsa-miR-124-5p	0
hsa-miR-124-3p	0
cbr-miR-124a	0
rno-miR-124-5p	0
rno-miR-124-3p	0
gga-miR-124a-5p	0
gga-miR-124a-3p	0
dps-miR-124	0
ame-miR-124	0
aga-miR-124	0
dre-miR-124-3p	0
dre-miR-124-5p	0
ssc-miR-124a	0
ggo-miR-124a	0
age-miR-124a	0
ppa-miR-124a	0
ppy-miR-124a	0
ptr-miR-124a	0
mml-miR-124a-5p	0
mml-miR-124a-3p	0
lla-miR-124a	0
fru-miR-124	0
tni-miR-124	0
xtr-miR-124	0
bmo-miR-124	0
bta-miR-124a	0
sme-miR-124c-3p	0
mdo-miR-124a-5p	0
mdo-miR-124a-3p	0
oan-miR-124a-5p	0
oan-miR-124a-1-3p	0
cin-miR-124-3p	0
csa-miR-124	0
cfa-miR-124	0
tca-miR-124-3p	0
dan-miR-124	0
der-miR-124	0
dgr-miR-124	0
dmo-miR-124	0
dpe-miR-124	0
dse-miR-124	0
dsi-miR-124	0
dvi-miR-124-3p	0
dwi-miR-124	0
dya-miR-124	0
bta-miR-124b	0
bfl-miR-124-3p	0
cte-miR-124	0
lgi-miR-124	0
sko-miR-124-3p	0
spu-miR-124	0
crm-miR-124a	0
ppc-miR-124	0
dpu-miR-124	0
isc-miR-124	0
eca-miR-124	0
bma-miR-124	0
aae-miR-124	0
cqu-miR-124	0
tgu-miR-124-5p	0
tgu-miR-124-3p	0
api-miR-124	0
nvi-miR-124	0
ppy-miR-124	0
pma-miR-124-5p	0
pma-miR-124-3p	0
xbo-miR-124	0
egr-miR-124a	0
emu-miR-124a	0
asu-miR-124-3p	0
aca-miR-124a	0
tur-miR-124-3p	0
ola-miR-124-5p	0
ola-miR-124-3p	0
hco-miR-124	0
cgr-miR-124	0
mse-miR-124	0
hme-miR-124	0
pol-miR-124-5p	0
pol-miR-124-3p	0
ipu-miR-124a	0
cbn-miR-124	0
pmi-miR-124-3p	0
lva-miR-124-3p	0
bbe-miR-124-3p	0
str-miR-124-3p	0
efu-miR-124	0
chi-miR-124a	0
oha-miR-124	0
oha-miR-124-5p	0
oha-miR-124-3p	0
mmu-miR-124-5p	0
mmu-miR-124-3p	0
cel-miR-124-3p	0
dme-miR-124-3p	0
hsa-miR-124-5p	0
hsa-miR-124-3p	0
cbr-miR-124a	0
rno-miR-124-5p	0
rno-miR-124-3p	0
gga-miR-124a-5p	0
gga-miR-124a-3p	0
dps-miR-124	0
ame-miR-124	0
aga-miR-124	0
dre-miR-124-3p	0
dre-miR-124-5p	0
ssc-miR-124a	0
ggo-miR-124a	0
age-miR-124a	0
ppa-miR-124a	0
ppy-miR-124a	0
ptr-miR-124a	0
mml-miR-124a-5p	0
mml-miR-124a-3p	0
lla-miR-124a	0
fru-miR-124	0
tni-miR-124	0
xtr-miR-124	0
bmo-miR-124	0
bta-miR-124a	0
sme-miR-124c-3p	0
mdo-miR-124a-5p	0
mdo-miR-124a-3p	0
oan-miR-124a-5p	0
oan-miR-124a-1-3p	0
cin-miR-124-3p	0
csa-miR-124	0
cfa-miR-124	0
tca-miR-124-3p	0
dan-miR-124	0
der-miR-124	0
dgr-miR-124	0
dmo-miR-124	0
dpe-miR-124	0
dse-miR-124	0
dsi-miR-124	0
dvi-miR-124-3p	0
dwi-miR-124	0
dya-miR-124	0
bta-miR-124b	0
bfl-miR-124-3p	0
cte-miR-124	0
lgi-miR-124	0
sko-miR-124-3p	0
spu-miR-124	0
crm-miR-124a	0
ppc-miR-124	0
dpu-miR-124	0
isc-miR-124	0
eca-miR-124	0
bma-miR-124	0
aae-miR-124	0
cqu-miR-124	0
tgu-miR-124-5p	0
tgu-miR-124-3p	0
api-miR-124	0
nvi-miR-124	0
ppy-miR-124	0
pma-miR-124-5p	0
pma-miR-124-3p	0
xbo-miR-124	0
egr-miR-124a	0
emu-miR-124a	0
asu-miR-124-3p	0
aca-miR-124a	0
tur-miR-124-3p	0
ola-miR-124-5p	0
ola-miR-124-3p	0
hco-miR-124	0
cgr-miR-124	0
mse-miR-124	0
hme-miR-124	0
pol-miR-124-5p	0
pol-miR-124-3p	0
ipu-miR-124a	0
cbn-miR-124	0
pmi-miR-124-3p	0
lva-miR-124-3p	0
bbe-miR-124-3p	0
str-miR-124-3p	0
efu-miR-124	0
chi-miR-124a	0
oha-miR-124	0
oha-miR-124-5p	0
oha-miR-124-3p	0
mmu-miR-124-5p	0
mmu-miR-124-3p	0
cel-miR-124-3p	0
dme-miR-124-3p	0
hsa-miR-124-5p	0
hsa-miR-124-3p	0
cbr-miR-124a	0
rno-miR-124-5p	0
rno-miR-124-3p	0
gga-miR-124a-5p	0
gga-miR-124a-3p	0
dps-miR-124	0
ame-miR-124	0
aga-miR-124	0
dre-miR-124-3p	0
dre-miR-124-5p	0
ssc-miR-124a	0
ggo-miR-124a	0
age-miR-124a	0
ppa-miR-124a	0
ppy-miR-124a	0
ptr-miR-124a	0
mml-miR-124a-5p	0
mml-miR-124a-3p	0
lla-miR-124a	0
fru-miR-124	0
tni-miR-124	0
xtr-miR-124	0
bmo-miR-124	0
bta-miR-124a	0
sme-miR-124c-3p	0
mdo-miR-124a-5p	0
mdo-miR-124a-3p	0
oan-miR-124a-5p	0
oan-miR-124a-1-3p	0
cin-miR-124-3p	0
csa-miR-124	0
cfa-miR-124	0
tca-miR-124-3p	0
dan-miR-124	0
der-miR-124	0
dgr-miR-124	0
dmo-miR-124	0
dpe-miR-124	0
dse-miR-124	0
dsi-miR-124	0
dvi-miR-124-3p	0
dwi-miR-124	0
dya-miR-124	0
bta-miR-124b	0
bfl-miR-124-3p	0
cte-miR-124	0
lgi-miR-124	0
sko-miR-124-3p	0
spu-miR-124	0
crm-miR-124a	0
ppc-miR-124	0
dpu-miR-124	0
isc-miR-124	0
eca-miR-124	0
bma-miR-124	0
aae-miR-124	0
cqu-miR-124	0
tgu-miR-124-5p	0
tgu-miR-124-3p	0
api-miR-124	0
nvi-miR-124	0
ppy-miR-124	0
pma-miR-124-5p	0
pma-miR-124-3p	0
xbo-miR-124	0
egr-miR-124a	0
emu-miR-124a	0
asu-miR-124-3p	0
aca-miR-124a	0
tur-miR-124-3p	0
ola-miR-124-5p	0
ola-miR-124-3p	0
hco-miR-124	0
cgr-miR-124	0
mse-miR-124	0
hme-miR-124	0
pol-miR-124-5p	0
pol-miR-124-3p	0
ipu-miR-124a	0
cbn-miR-124	0
pmi-miR-124-3p	0
lva-miR-124-3p	0
bbe-miR-124-3p	0
str-miR-124-3p	0
efu-miR-124	0
chi-miR-124a	0
oha-miR-124	0
oha-miR-124-5p	0
oha-miR-124-3p	0
hsa-miR-1251-5p	0
hsa-miR-1251-3p	0
ptr-miR-1251	0
bta-miR-1251	0
mmu-miR-1251-5p	0
mmu-miR-1251-3p	0
ppy-miR-1251	0
mml-miR-1251-5p	0
mml-miR-1251-3p	0
bta-miR-1256	0
mmu-miR-125a-5p	0
mmu-miR-125a-3p	0
hsa-miR-125a-5p	0
hsa-miR-125a-3p	0
rno-miR-125a-5p	0
rno-miR-125a-3p	0
bta-miR-125a	0
mml-miR-125a-5p	0
mml-miR-125a-3p	0
cfa-miR-125a	0
ptr-miR-125a	0
eca-miR-125a-5p	0
eca-miR-125a-3p	0
ssc-miR-125a	0
ppy-miR-125a-5p	0
ppy-miR-125a-3p	0
cgr-miR-125a-5p	0
cgr-miR-125a-3p	0
ggo-miR-125a	0
chi-miR-125a-5p	0
chi-miR-125a-3p	0
tch-miR-125a-5p	0
hsa-miR-125b-1-3p	0
mmu-miR-125b-1-3p	0
rno-miR-125b-1-3p	0
mml-miR-125b-1-3p	0
mdo-miR-125b-2-3p	0
tgu-miR-125-2-3p	0
efu-miR-125a	0
oha-miR-125b-3p	0
hsa-miR-125b-2-3p	0
rno-miR-125b-2-3p	0
gga-miR-125b-3p	0
mml-miR-125b-2-3p	0
tgu-miR-125-1-3p	0
cgr-miR-125b-3p	0
chi-miR-125b-3p	0
mmu-miR-126a-5p	0
mmu-miR-126a-3p	0
hsa-miR-126-5p	0
hsa-miR-126-3p	0
rno-miR-126a-5p	0
rno-miR-126a-3p	0
gga-miR-126-5p	0
gga-miR-126-3p	0
dre-miR-126a-5p	0
dre-miR-126a-3p	0
fru-miR-126	0
tni-miR-126	0
bta-miR-126-5p	0
bta-miR-126-3p	0
xtr-miR-126-5p	0
xtr-miR-126-3p	0
oan-miR-126-5p	0
oan-miR-126-3p	0
mml-miR-126	0
cfa-miR-126	0
ptr-miR-126	0
dre-miR-126b-5p	0
mdo-miR-126-5p	0
mdo-miR-126-3p	0
eca-miR-126-5p	0
eca-miR-126-3p	0
tgu-miR-126-5p	0
tgu-miR-126-3p	0
ppy-miR-126	0
ssc-miR-126-5p	0
ssc-miR-126-3p	0
aca-miR-126-5p	0
aca-miR-126-3p	0
ola-miR-126-5p	0
ola-miR-126-3p	0
sha-miR-126	0
cgr-miR-126	0
ccr-miR-126-5p	0
ccr-miR-126-3p	0
ipu-miR-126b	0
ssa-miR-126-5p	0
efu-miR-126	0
chi-miR-126-5p	0
chi-miR-126-3p	0
ggo-miR-1260b	0
mml-miR-1260b	0
ppy-miR-1260b	0
bta-miR-1260b	0
mmu-miR-127-5p	0
mmu-miR-127-3p	0
hsa-miR-127-5p	0
hsa-miR-127-3p	0
rno-miR-127-5p	0
rno-miR-127-3p	0
oar-miR-127	0
mml-miR-127-5p	0
mml-miR-127-3p	0
ptr-miR-127	0
ppy-miR-127	0
sla-miR-127	0
lla-miR-127	0
mne-miR-127	0
age-miR-127	0
bta-miR-127	0
cfa-miR-127	0
eca-miR-127	0
ssc-miR-127	0
ggo-miR-127	0
efu-miR-127	0
chi-miR-127-5p	0
chi-miR-127-3p	0
tch-miR-127-3p	0
hsa-miR-1271-3p	0
bta-miR-1271	0
ssc-miR-1271	0
chi-miR-1271-5p	0
chi-miR-1271-3p	0
hsa-miR-1277-5p	0
hsa-miR-1277-3p	0
ssc-miR-1277	0
ppy-miR-1277	0
ggo-miR-1277	0
mml-miR-1277	0
bta-miR-1277	0
tch-miR-1277-5p	0
mmu-miR-128-1-5p	0
hsa-miR-128-1-5p	0
rno-miR-128-1-5p	0
mml-miR-128a-5p	0
cgr-miR-128-5p	0
mdo-miR-128b-5p	0
chi-miR-128-5p	0
hsa-miR-1281	0
ptr-miR-1281	0
bta-miR-1281	0
ppy-miR-1281	0
hsa-miR-1282	0
ptr-miR-1282	0
bta-miR-1282	0
eca-miR-1282	0
ppy-miR-1282	0
bta-miR-1284	0
bta-miR-1287	0
ppy-miR-1287	0
mmu-miR-129-5p	0
mmu-miR-129-1-3p	0
hsa-miR-129-5p	0
hsa-miR-129-1-3p	0
rno-miR-129-5p	0
rno-miR-129-1-3p	0
dre-miR-129-5p	0
dre-miR-129-1-3p	0
fru-miR-129	0
tni-miR-129	0
xtr-miR-129	0
mdo-miR-129-5p	0
mdo-miR-129-3p	0
oan-miR-129-5p	0
oan-miR-129-3p	0
mml-miR-129-5p	0
mml-miR-129-1-3p	0
cfa-miR-129	0
ptr-miR-129	0
bta-miR-129	0
bta-miR-129-5p	0
eca-miR-129a-5p	0
eca-miR-129a-3p	0
eca-miR-129b-5p	0
ssc-miR-129a-5p	0
tgu-miR-129-5p	0
ppy-miR-129-5p	0
ppy-miR-129-1-3p	0
ssc-miR-129b	0
aca-miR-129a-5p	0
aca-miR-129a-3p	0
sha-miR-129	0
cgr-miR-129	0
ccr-miR-129	0
ipu-miR-129	0
hhi-miR-129b-5p	0
hhi-miR-129a	0
ssa-miR-129-5p	0
ssa-miR-129-3-3p	0
efu-miR-129b	0
chi-miR-129-5p	0
tch-miR-129-5p	0
oha-miR-129a-5p	0
oha-miR-129a-3p	0
mmu-miR-129-5p	0
hsa-miR-129-5p	0
hsa-miR-129-2-3p	0
mmu-miR-129-2-3p	0
rno-miR-129-5p	0
rno-miR-129-2-3p	0
rno-miR-129-1-3p	0
dre-miR-129-5p	0
dre-miR-129-3p	0
fru-miR-129	0
tni-miR-129	0
xtr-miR-129	0
mdo-miR-129-5p	0
oan-miR-129-5p	0
mml-miR-129-5p	0
cfa-miR-129	0
ptr-miR-129	0
bta-miR-129	0
bta-miR-129-5p	0
bta-miR-129-3p	0
mml-miR-129-2-3p	0
eca-miR-129a-5p	0
eca-miR-129b-5p	0
eca-miR-129b-3p	0
ssc-miR-129a-5p	0
ssc-miR-129a-3p	0
tgu-miR-129-5p	0
tgu-miR-129-3p	0
ppy-miR-129-5p	0
ppy-miR-129-2-3p	0
pma-miR-129a-3p	0
ssc-miR-129b	0
aca-miR-129a-5p	0
aca-miR-129b-3p	0
sha-miR-129	0
cgr-miR-129	0
ggo-miR-129	0
ccr-miR-129	0
ipu-miR-129	0
hhi-miR-129b-5p	0
hhi-miR-129a	0
ssa-miR-129-5p	0
ssa-miR-129-3p	0
efu-miR-129a	0
efu-miR-129b	0
chi-miR-129-5p	0
chi-miR-129-3p	0
tch-miR-129-5p	0
oha-miR-129a-5p	0
oha-miR-129b	0
oha-miR-129b-3p	0
bta-miR-1291	0
chi-miR-1291	0
hsa-miR-1296-5p	0
ptr-miR-1296	0
bta-miR-1296	0
eca-miR-1296	0
ppy-miR-1296	0
ssc-miR-1296-5p	0
ggo-miR-1296	0
mml-miR-1296-5p	0
cfa-miR-1296	0
chi-miR-1296	0
hsa-miR-1298-5p	0
mmu-miR-1298-5p	0
mmu-miR-1298-3p	0
ptr-miR-1298	0
bta-miR-1298	0
eca-miR-1298	0
ppy-miR-1298	0
ggo-miR-1298	0
mml-miR-1298-5p	0
rno-miR-1298	0
bta-miR-1301	0
hsa-miR-1306-3p	0
xla-miR-1306	0
ptr-miR-1306	0
ppy-miR-1306	0
mml-miR-1306-3p	0
hsa-miR-1307-5p	0
hsa-miR-1307-3p	0
cfa-miR-1307	0
ptr-miR-1307	0
bta-miR-1307	0
ssc-miR-1307	0
ppy-miR-1307	0
eca-miR-1307	0
efu-miR-1307	0
chi-miR-1307-5p	0
chi-miR-1307-3p	0
mmu-miR-130a-5p	0
mmu-miR-130a-3p	0
hsa-miR-130a-5p	0
hsa-miR-130a-3p	0
rno-miR-130a-5p	0
rno-miR-130a-3p	0
dre-miR-130a	0
mml-miR-130a-5p	0
mml-miR-130a-3p	0
ggo-miR-130a	0
mne-miR-130a	0
ppa-miR-130a	0
xtr-miR-130a	0
mdo-miR-130a-5p	0
oan-miR-130a	0
oan-miR-130b-3p	0
gga-miR-130c-3p	0
cfa-miR-130a	0
ssc-miR-130a	0
ptr-miR-130a	0
bta-miR-130a	0
eca-miR-130a	0
tgu-miR-130c-3p	0
ppy-miR-130a	0
aca-miR-130a-3p	0
sha-miR-130b	0
cgr-miR-130a-5p	0
cgr-miR-130a-3p	0
ccr-miR-130a	0
mdo-miR-130c-3p	0
ssa-miR-130b-3p	0
efu-miR-130	0
chi-miR-130a-5p	0
chi-miR-130a-3p	0
tch-miR-130a-3p	0
oha-miR-130b-3p	0
oha-miR-130c-5p	0
mmu-miR-130b-5p	0
mmu-miR-130b-3p	0
hsa-miR-130b-5p	0
hsa-miR-130b-3p	0
rno-miR-130b-5p	0
rno-miR-130b-3p	0
xtr-miR-130b	0
mml-miR-130b-5p	0
mml-miR-130b-3p	0
cfa-miR-130b	0
ptr-miR-130b	0
bta-miR-130b	0
eca-miR-130b	0
ssc-miR-130b	0
ppy-miR-130b	0
cgr-miR-130b-5p	0
cgr-miR-130b-3p	0
ggo-miR-130b	0
ssa-miR-130a-5p	0
chi-miR-130b-5p	0
chi-miR-130b-3p	0
mmu-miR-133a-5p	0
mmu-miR-133a-3p	0
dme-miR-133-3p	0
hsa-miR-133a-5p	0
hsa-miR-133a-3p	0
rno-miR-133a-5p	0
rno-miR-133a-3p	0
gga-miR-133a-5p	0
gga-miR-133a-3p	0
dps-miR-133	0
xla-miR-133a	0
ame-miR-133	0
aga-miR-133	0
dre-miR-133a-2-5p	0
dre-miR-133a-3p	0
dre-miR-133a-5p	0
ggo-miR-133a	0
age-miR-133a	0
ppa-miR-133a	0
ptr-miR-133a	0
sla-miR-133a	0
lla-miR-133a	0
mne-miR-133a	0
fru-miR-133	0
tni-miR-133	0
xtr-miR-133a	0
mdo-miR-133a-1-5p	0
mdo-miR-133a-3p	0
oan-miR-133a-5p	0
oan-miR-133a-3p	0
cin-miR-133-3p	0
mml-miR-133c-5p	0
mml-miR-133c-3p	0
bmo-miR-133	0
tca-miR-133-3p	0
dan-miR-133	0
der-miR-133	0
dgr-miR-133	0
dmo-miR-133	0
dpe-miR-133	0
dse-miR-133	0
dsi-miR-133	0
dvi-miR-133-3p	0
dwi-miR-133	0
dya-miR-133	0
bta-miR-133a	0
bfl-miR-133	0
cte-miR-133	0
lgi-miR-133-3p	0
sko-miR-133	0
cfa-miR-133c	0
cfa-miR-133a	0
ssc-miR-133a-5p	0
ssc-miR-133a-3p	0
dpu-miR-133	0
isc-miR-133	0
eca-miR-133a	0
aae-miR-133	0
cqu-miR-133	0
tgu-miR-133-5p	0
tgu-miR-133-3p	0
oar-miR-133	0
nvi-miR-133	0
ppy-miR-133c	0
ngi-miR-133	0
nlo-miR-133	0
aca-miR-133a	0
tur-miR-133-3p	0
ola-miR-133-5p	0
ola-miR-133-3p	0
sha-miR-133a	0
ggo-miR-133b	0
mse-miR-133	0
hme-miR-133	0
pol-miR-133-3p	0
ccr-miR-133a-5p	0
ccr-miR-133a-3p	0
mml-miR-133d-5p	0
mml-miR-133d-3p	0
ipu-miR-133a	0
ipu-miR-133b	0
bbe-miR-133-5p	0
ssa-miR-133a-5p	0
ssa-miR-133a-3p	0
ssa-miR-133b-3p	0
efu-miR-133-5p	0
efu-miR-133-3p	0
chi-miR-133a-5p	0
chi-miR-133a-3p	0
chi-miR-133b	0
oha-miR-133a-3p	0
oha-miR-133a-2-5p	0
mmu-miR-133a-5p	0
mmu-miR-133a-3p	0
dme-miR-133-3p	0
hsa-miR-133a-5p	0
hsa-miR-133a-3p	0
rno-miR-133a-5p	0
rno-miR-133a-3p	0
gga-miR-133a-5p	0
gga-miR-133a-3p	0
dps-miR-133	0
xla-miR-133a	0
ame-miR-133	0
aga-miR-133	0
dre-miR-133a-2-5p	0
dre-miR-133a-3p	0
dre-miR-133a-5p	0
ggo-miR-133a	0
age-miR-133a	0
ppa-miR-133a	0
ptr-miR-133a	0
sla-miR-133a	0
lla-miR-133a	0
mne-miR-133a	0
fru-miR-133	0
tni-miR-133	0
xtr-miR-133a	0
mdo-miR-133a-1-5p	0
mdo-miR-133a-3p	0
oan-miR-133a-5p	0
oan-miR-133a-3p	0
cin-miR-133-3p	0
mml-miR-133c-5p	0
mml-miR-133c-3p	0
bmo-miR-133	0
tca-miR-133-3p	0
dan-miR-133	0
der-miR-133	0
dgr-miR-133	0
dmo-miR-133	0
dpe-miR-133	0
dse-miR-133	0
dsi-miR-133	0
dvi-miR-133-3p	0
dwi-miR-133	0
dya-miR-133	0
bta-miR-133a	0
bfl-miR-133	0
cte-miR-133	0
lgi-miR-133-3p	0
sko-miR-133	0
cfa-miR-133c	0
cfa-miR-133a	0
ssc-miR-133a-5p	0
ssc-miR-133a-3p	0
dpu-miR-133	0
isc-miR-133	0
eca-miR-133a	0
aae-miR-133	0
cqu-miR-133	0
tgu-miR-133-5p	0
tgu-miR-133-3p	0
oar-miR-133	0
nvi-miR-133	0
ppy-miR-133c	0
ngi-miR-133	0
nlo-miR-133	0
aca-miR-133a	0
tur-miR-133-3p	0
ola-miR-133-5p	0
ola-miR-133-3p	0
sha-miR-133a	0
ggo-miR-133b	0
mse-miR-133	0
hme-miR-133	0
pol-miR-133-3p	0
ccr-miR-133a-5p	0
ccr-miR-133a-3p	0
mml-miR-133d-5p	0
mml-miR-133d-3p	0
ipu-miR-133a	0
ipu-miR-133b	0
bbe-miR-133-5p	0
ssa-miR-133a-5p	0
ssa-miR-133a-3p	0
ssa-miR-133b-3p	0
efu-miR-133-5p	0
efu-miR-133-3p	0
chi-miR-133a-5p	0
chi-miR-133a-3p	0
chi-miR-133b	0
oha-miR-133a-3p	0
oha-miR-133a-2-5p	0
mmu-miR-133b-5p	0
mmu-miR-133b-3p	0
hsa-miR-133b	0
gga-miR-133b	0
dre-miR-133b-3p	0
rno-miR-133b-5p	0
rno-miR-133b-3p	0
xtr-miR-133b	0
oan-miR-133b-5p	0
oan-miR-133b-3p	0
csa-miR-133	0
mml-miR-133b-5p	0
mml-miR-133b-3p	0
xla-miR-133b	0
ptr-miR-133b	0
bta-miR-133b	0
cfa-miR-133b	0
eca-miR-133b	0
bma-miR-133	0
tgu-miR-133-3p	0
ppy-miR-133b	0
ola-miR-133-3p	0
sha-miR-133a	0
ggo-miR-133b	0
pol-miR-133-5p	0
pol-miR-133-3p	0
ipu-miR-133b	0
ssa-miR-133b-5p	0
ssa-miR-133b-3p	0
chi-miR-133b	0
rno-miR-133c	0
bta-miR-133c	0
bta-miR-1343-5p	0
bta-miR-1343-3p	0
hsa-miR-1343-3p	0
ssc-miR-1343	0
cgr-miR-1343	0
ggo-miR-1343	0
cfa-miR-1343	0
efu-miR-1343	0
chi-miR-1343	0
mmu-miR-135a-1-3p	0
hsa-miR-135a-3p	0
mml-miR-135a-1-3p	0
mmu-miR-135a-2-3p	0
rno-miR-135a-3p	0
gga-miR-135a-2-3p	0
mml-miR-135a-2-3p	0
mdo-miR-135a-3p	0
oan-miR-135a-3p	0
cfa-miR-135a-3p	0
tgu-miR-135a-1-3p	0
aca-miR-135-2-3p	0
efu-miR-135	0
oha-miR-135-2-3p	0
rno-miR-135b-5p	0
rno-miR-135b-3p	0
mmu-miR-135b-5p	0
mmu-miR-135b-3p	0
hsa-miR-135b-5p	0
hsa-miR-135b-3p	0
mdo-miR-135b-5p	0
mdo-miR-135b-3p	0
mml-miR-135b-5p	0
mml-miR-135b-3p	0
ptr-miR-135b	0
bta-miR-135b	0
cfa-miR-135b	0
eca-miR-135b	0
ppy-miR-135b	0
aca-miR-135-3-3p	0
ggo-miR-135b	0
chi-miR-135b-5p	0
chi-miR-135b-3p	0
tch-miR-135b-5p	0
oha-miR-135-3-3p	0
mmu-miR-136-5p	0
mmu-miR-136-3p	0
hsa-miR-136-5p	0
hsa-miR-136-3p	0
rno-miR-136-5p	0
rno-miR-136-3p	0
oar-miR-136	0
ssc-miR-136	0
ptr-miR-136	0
ggo-miR-136	0
ppy-miR-136	0
ppa-miR-136	0
mml-miR-136	0
cfa-miR-136	0
bta-miR-136	0
eca-miR-136	0
efu-miR-136	0
chi-miR-136-5p	0
chi-miR-136-3p	0
tch-miR-136-5p	0
mmu-miR-137-5p	0
mmu-miR-137-3p	0
hsa-miR-137	0
rno-miR-137-5p	0
rno-miR-137-3p	0
gga-miR-137-5p	0
gga-miR-137-3p	0
dre-miR-137-5p	0
dre-miR-137-3p	0
xtr-miR-137	0
mdo-miR-137a	0
oan-miR-137a-5p	0
oan-miR-137a-3p	0
mml-miR-137-5p	0
mml-miR-137-3p	0
cfa-miR-137	0
ptr-miR-137	0
bta-miR-137	0
eca-miR-137	0
tgu-miR-137-5p	0
tgu-miR-137-3p	0
ppy-miR-137	0
aca-miR-137a	0
cgr-miR-137-5p	0
cgr-miR-137-3p	0
ssc-miR-137	0
ccr-miR-137	0
ipu-miR-137	0
chi-miR-137	0
mmu-miR-138-5p	0
hsa-miR-138-5p	0
mmu-miR-138-1-3p	0
rno-miR-138-5p	0
rno-miR-138-1-3p	0
gga-miR-138-5p	0
dre-miR-138-5p	0
fru-miR-138	0
tni-miR-138	0
xtr-miR-138	0
bta-miR-138	0
mdo-miR-138	0
oan-miR-138-5p	0
mml-miR-138-5p	0
cfa-miR-138a	0
ptr-miR-138	0
eca-miR-138	0
tgu-miR-138-5p	0
tgu-miR-138-1-3p	0
ppy-miR-138	0
pma-miR-138a	0
aca-miR-138-5p	0
aca-miR-138-2-3p	0
ola-miR-138	0
sha-miR-138	0
cgr-miR-138	0
ggo-miR-138	0
ssc-miR-138	0
ccr-miR-138	0
ipu-miR-138	0
ssa-miR-138-5p	0
oha-miR-138-5p	0
oha-miR-138-1-3p	0
mmu-miR-138-5p	0
mmu-miR-138-2-3p	0
hsa-miR-138-5p	0
hsa-miR-138-2-3p	0
rno-miR-138-5p	0
rno-miR-138-2-3p	0
gga-miR-138-5p	0
dre-miR-138-5p	0
fru-miR-138	0
tni-miR-138	0
xtr-miR-138	0
bta-miR-138	0
mdo-miR-138	0
oan-miR-138-5p	0
mml-miR-138-5p	0
mml-miR-138-3p	0
cfa-miR-138a	0
ptr-miR-138	0
eca-miR-138	0
tgu-miR-138-5p	0
ppy-miR-138	0
pma-miR-138a	0
aca-miR-138-5p	0
ola-miR-138	0
sha-miR-138	0
cgr-miR-138	0
ggo-miR-138	0
ssc-miR-138	0
ccr-miR-138	0
ipu-miR-138	0
ssa-miR-138-5p	0
efu-miR-138b	0
oha-miR-138-5p	0
dre-miR-1388-5p	0
bta-miR-1388-5p	0
bta-miR-1388-3p	0
ola-miR-1388-5p	0
ssa-miR-1338-5p	0
eca-miR-1388	0
chi-miR-1388-5p	0
hsa-miR-139-3p	0
mmu-miR-139-3p	0
rno-miR-139-3p	0
ssc-miR-139-3p	0
mml-miR-139-3p	0
ptr-miR-139	0
eca-miR-139-3p	0
ppy-miR-139-3p	0
cgr-miR-139-3p	0
efu-miR-139	0
mmu-miR-140-5p	0
hsa-miR-140-5p	0
rno-miR-140-5p	0
gga-miR-140-5p	0
dre-miR-140-5p	0
ssc-miR-140-5p	0
ptr-miR-140	0
fru-miR-140	0
tni-miR-140	0
xtr-miR-140	0
oan-miR-140-5p	0
mml-miR-140-5p	0
mdo-miR-140-5p	0
eca-miR-140-5p	0
tgu-miR-140-5p	0
ppy-miR-140-5p	0
pma-miR-140	0
aca-miR-140-5p	0
ola-miR-140-5p	0
cgr-miR-140-5p	0
pol-miR-140-5p	0
ccr-miR-140-5p	0
ssa-miR-140-5p	0
efu-miR-140	0
chi-miR-140-5p	0
tch-miR-140-5p	0
oha-miR-140-5p	0
mmu-miR-141-3p	0
hsa-miR-141-3p	0
rno-miR-141-3p	0
mml-miR-141-3p	0
ggo-miR-141	0
ppy-miR-141	0
ptr-miR-141	0
bta-miR-141	0
cfa-miR-141	0
eca-miR-141	0
sha-miR-141	0
cgr-miR-141	0
efu-miR-141	0
chi-miR-141	0
tch-miR-141-3p	0
mmu-miR-142a-5p	0
mmu-miR-142a-3p	0
hsa-miR-142-5p	0
hsa-miR-142-3p	0
rno-miR-142-5p	0
rno-miR-142-3p	0
gga-miR-142-5p	0
gga-miR-142-3p	0
dre-miR-142a-5p	0
dre-miR-142a-3p	0
fru-miR-142	0
tni-miR-142a	0
tni-miR-142b	0
xtr-miR-142-5p	0
xtr-miR-142-3p	0
bta-miR-142-5p	0
bta-miR-142-3p	0
mdo-miR-142	0
oan-miR-142-5p	0
oan-miR-142-3p	0
mml-miR-142-5p	0
mml-miR-142-3p	0
cfa-miR-142	0
xla-miR-142	0
ptr-miR-142	0
eca-miR-142-5p	0
eca-miR-142-3p	0
ssc-miR-142-5p	0
ssc-miR-142-3p	0
tgu-miR-142-5p	0
tgu-miR-142-3p	0
ppy-miR-142-5p	0
ppy-miR-142-3p	0
aca-miR-142-5p	0
aca-miR-142-3p	0
sha-miR-142	0
cgr-miR-142-5p	0
cgr-miR-142-3p	0
ggo-miR-142	0
ccr-miR-142-3p	0
aja-miR-142	0
ipu-miR-142	0
ssa-miR-142a-5p	0
ssa-miR-142a-3p	0
ssa-miR-142b-3p	0
efu-miR-142	0
tch-miR-142	0
oha-miR-142-5p	0
oha-miR-142-3p	0
mmu-miR-143-5p	0
mmu-miR-143-3p	0
hsa-miR-143-5p	0
hsa-miR-143-3p	0
rno-miR-143-5p	0
dre-miR-143	0
xtr-miR-143	0
mdo-miR-143-5p	0
mdo-miR-143-3p	0
oan-miR-143-5p	0
oan-miR-143-3p	0
mml-miR-143-5p	0
mml-miR-143-3p	0
cfa-miR-143	0
bta-miR-143	0
eca-miR-143	0
ssc-miR-143-5p	0
ssc-miR-143-3p	0
aca-miR-143-5p	0
aca-miR-143-3p	0
ola-miR-143	0
cgr-miR-143	0
ccr-miR-143	0
aja-miR-143	0
ipu-miR-143	0
oar-miR-143	0
ssa-miR-143-5p	0
ssa-miR-143-3p	0
efu-miR-143	0
chi-miR-143-5p	0
chi-miR-143-3p	0
tch-miR-143-3p	0
oha-miR-143-5p	0
bta-miR-1434-5p	0
bta-miR-1434-3p	0
mmu-miR-144-5p	0
mmu-miR-144-3p	0
hsa-miR-144-5p	0
hsa-miR-144-3p	0
rno-miR-144-5p	0
rno-miR-144-3p	0
dre-miR-144-3p	0
ptr-miR-144	0
ppy-miR-144	0
mne-miR-144	0
fru-miR-144	0
tni-miR-144	0
xtr-miR-144	0
gga-miR-144-5p	0
oan-miR-144-3p	0
mml-miR-144	0
cfa-miR-144	0
bta-miR-144	0
eca-miR-144	0
tgu-miR-144-3p	0
aca-miR-144-5p	0
aca-miR-144-3p	0
cgr-miR-144	0
ggo-miR-144	0
ssc-miR-144	0
ccr-miR-144	0
aja-miR-144	0
ipu-miR-144	0
ssa-miR-144-5p	0
ssa-miR-144-3p	0
chi-miR-144-5p	0
chi-miR-144-3p	0
oha-miR-144-5p	0
oha-miR-144-3p	0
mmu-miR-145a-5p	0
mmu-miR-145a-3p	0
hsa-miR-145-5p	0
hsa-miR-145-3p	0
rno-miR-145-5p	0
rno-miR-145-3p	0
dre-miR-145-5p	0
dre-miR-145-3p	0
ssc-miR-145-5p	0
ssc-miR-145-3p	0
mml-miR-145-5p	0
mml-miR-145-3p	0
ptr-miR-145	0
ggo-miR-145	0
ppy-miR-145	0
mne-miR-145	0
bta-miR-145	0
xtr-miR-145	0
mdo-miR-145-5p	0
mdo-miR-145-3p	0
oan-miR-145-5p	0
oan-miR-145-3p	0
cfa-miR-145	0
eca-miR-145	0
pma-miR-145-5p	0
aca-miR-145-5p	0
aca-miR-145-3p	0
ola-miR-145	0
aja-miR-145	0
ipu-miR-145	0
ssa-miR-145-5p	0
ssa-miR-145-3p	0
efu-miR-145	0
chi-miR-145-5p	0
chi-miR-145-3p	0
oha-miR-145-5p	0
oha-miR-145-3p	0
hsa-miR-1468-3p	0
bta-miR-1468	0
eca-miR-1468	0
ppy-miR-1468	0
ssc-miR-1468	0
cfa-miR-1468	0
chi-miR-1468-5p	0
chi-miR-1468-3p	0
mmu-miR-146b-3p	0
rno-miR-146b-3p	0
eca-miR-146b-3p	0
cgr-miR-146b-3p	0
efu-miR-146	0
chi-miR-146b-3p	0
gga-miR-147	0
mmu-miR-147-3p	0
hsa-miR-147b	0
rno-miR-147	0
ptr-miR-147b	0
bta-miR-147	0
cfa-miR-147	0
tgu-miR-147	0
ppy-miR-147b	0
aca-miR-147	0
cgr-miR-147	0
chi-miR-147-3p	0
tch-miR-147b	0
oha-miR-147-3p	0
hsa-miR-148a-5p	0
mmu-miR-148a-5p	0
ssc-miR-148a-5p	0
mml-miR-148a-5p	0
chi-miR-148a-5p	0
mmu-miR-149-5p	0
hsa-miR-149-5p	0
hsa-miR-149-3p	0
mml-miR-149-5p	0
mml-miR-149-3p	0
ptr-miR-149	0
cfa-miR-149	0
eca-miR-149	0
ppy-miR-149	0
ssc-miR-149	0
cgr-miR-149-5p	0
ggo-miR-149	0
bta-miR-149-5p	0
bta-miR-149-3p	0
efu-miR-149	0
rno-miR-149-5p	0
hsa-miR-152-5p	0
rno-miR-152-5p	0
mdo-miR-152-5p	0
mml-miR-152-5p	0
cgr-miR-152-5p	0
mmu-miR-153-3p	0
hsa-miR-153-3p	0
rno-miR-153-3p	0
gga-miR-153-3p	0
dre-miR-153a-3p	0
ssc-miR-153	0
mml-miR-153-1-5p	0
mml-miR-153-3p	0
ppy-miR-153	0
mne-miR-153	0
ggo-miR-153	0
fru-miR-153a	0
tni-miR-153a	0
xtr-miR-153	0
oan-miR-153-1-5p	0
oan-miR-153-3p	0
ptr-miR-153	0
bta-miR-153	0
cte-miR-153	0
lgi-miR-153	0
cfa-miR-153	0
mdo-miR-153-3p	0
mdo-miR-153-1-5p	0
eca-miR-153	0
tgu-miR-153-3p	0
aca-miR-153-3p	0
ssa-miR-153b-3p	0
chi-miR-153	0
mmu-miR-153-3p	0
hsa-miR-153-3p	0
hsa-miR-153-5p	0
rno-miR-153-5p	0
rno-miR-153-3p	0
gga-miR-153-5p	0
gga-miR-153-3p	0
dre-miR-153a-5p	0
dre-miR-153a-3p	0
ssc-miR-153	0
mml-miR-153-3p	0
ppy-miR-153	0
mne-miR-153	0
mml-miR-153-2-5p	0
ggo-miR-153	0
fru-miR-153a	0
tni-miR-153a	0
xtr-miR-153	0
oan-miR-153-3p	0
ptr-miR-153	0
bta-miR-153	0
cte-miR-153	0
lgi-miR-153	0
cfa-miR-153	0
mdo-miR-153-2-5p	0
mdo-miR-153-3p	0
eca-miR-153	0
tgu-miR-153-1-5p	0
tgu-miR-153-3p	0
pma-miR-153-3p	0
aca-miR-153-3p	0
oan-miR-153-2-5p	0
ssa-miR-153b-3p	0
efu-miR-153	0
chi-miR-153	0
oha-miR-153-1-5p	0
oha-miR-153-3p	0
bta-miR-154a	0
oar-miR-154a-5p	0
oar-miR-154a-3p	0
chi-miR-154a-5p	0
oar-miR-154b-5p	0
oar-miR-154b-3p	0
bta-miR-154b	0
eca-miR-154b	0
chi-miR-154b-5p	0
chi-miR-154b-3p	0
oar-miR-3958-5p	0
oar-miR-3958-3p	0
bta-miR-154c	0
cfa-miR-3958	0
eca-miR-3958	0
efu-miR-3958	0
chi-miR-3958-3p	0
hsa-miR-155-5p	0
gga-miR-155	0
dre-miR-155	0
xtr-miR-155	0
oan-miR-155-5p	0
mml-miR-155	0
cfa-miR-155	0
ptr-miR-155	0
bta-miR-155	0
eca-miR-155	0
tgu-miR-155-5p	0
ppy-miR-155	0
ssc-miR-155-3p	0
aca-miR-155-5p	0
cgr-miR-155	0
ggo-miR-155	0
ccr-miR-155	0
ipu-miR-155	0
ssa-miR-155-5p	0
efu-miR-155	0
chi-miR-155-5p	0
chi-miR-155-3p	0
tch-miR-155-5p	0
bta-miR-1584-5p	0
bta-miR-1584-3p	0
hsa-miR-15a-5p	0
hsa-miR-15a-3p	0
mmu-miR-15a-5p	0
gga-miR-15a	0
age-miR-15a	0
ggo-miR-15a	0
mne-miR-15a	0
sla-miR-15a	0
ppa-miR-15a	0
lca-miR-15a	0
mml-miR-15a-5p	0
mml-miR-15a-3p	0
ppy-miR-15a	0
ptr-miR-15a	0
lla-miR-15a	0
xtr-miR-15a	0
mdo-miR-15a-3p	0
bta-miR-15a	0
oan-miR-15a-5p	0
oan-miR-15a-3p	0
cfa-miR-15a	0
ssc-miR-15a	0
eca-miR-15a	0
tgu-miR-15a-5p	0
tgu-miR-15a-3p	0
cgr-miR-15a-5p	0
cgr-miR-15a-3p	0
rno-miR-15a-5p	0
rno-miR-15a-3p	0
chi-miR-15a-5p	0
chi-miR-15a-3p	0
tch-miR-15a-5p	0
bta-miR-1603	0
hsa-miR-16-1-3p	0
gga-miR-16-1-3p	0
mml-miR-16-1-3p	0
mdo-miR-16-1-3p	0
tgu-miR-16a-3p	0
cgr-miR-16-3p	0
chi-miR-16a-3p	0
mmu-miR-16-2-3p	0
rno-miR-16-3p	0
chi-miR-16b-3p	0
oha-miR-16b-3p	0
hsa-miR-17-3p	0
gga-miR-17-3p	0
ggo-miR-17-3p	0
lca-miR-17-3p	0
age-miR-17-3p	0
ppa-miR-17-3p	0
ppy-miR-17-3p	0
ptr-miR-17-3p	0
mml-miR-17-3p	0
sla-miR-17-3p	0
lla-miR-17-3p	0
mne-miR-17-3p	0
xtr-miR-17-3p	0
bta-miR-17-3p	0
mdo-miR-17-3p	0
oan-miR-17-3p	0
cfa-miR-17	0
ssc-miR-17-3p	0
tgu-miR-17a-3p	0
aca-miR-17-3p	0
efu-miR-17	0
chi-miR-17-3p	0
oha-miR-17-3p	0
bta-miR-1721	0
bta-miR-1777a	0
bta-miR-1777b	0
bta-miR-1814a	0
bta-miR-1814b	0
bta-miR-1814c	0
chi-miR-1814	0
hsa-miR-181a-3p	0
mmu-miR-181a-1-3p	0
rno-miR-181a-1-3p	0
gga-miR-181a-3p	0
dre-miR-181a-3p	0
mml-miR-181a-3p	0
ptr-miR-181a-3p	0
ppy-miR-181a-3p	0
ggo-miR-181a-3p	0
lla-miR-181a-3p	0
mne-miR-181a-3p	0
ppa-miR-181a-3p	0
fru-miR-181a-3p	0
tni-miR-181a-3p	0
mdo-miR-181a-1-3p	0
oan-miR-181a-1-3p	0
tgu-miR-181a-1-3p	0
sha-miR-181a-3p	0
cgr-miR-181a-3p	0
efu-miR-181a	0
mmu-miR-181a-2-3p	0
efu-miR-181f	0
hsa-miR-181b-5p	0
mmu-miR-181b-5p	0
rno-miR-181b-5p	0
gga-miR-181b-5p	0
dre-miR-181b-5p	0
ssc-miR-181b	0
mml-miR-181b-5p	0
ptr-miR-181b	0
ppy-miR-181b	0
ggo-miR-181b	0
lla-miR-181b	0
mne-miR-181b	0
ppa-miR-181b	0
fru-miR-181b	0
tni-miR-181b	0
xtr-miR-181b	0
bta-miR-181b	0
mdo-miR-181b-5p	0
oan-miR-181b-5p	0
cfa-miR-181b	0
eca-miR-181b	0
tgu-miR-181b-5p	0
aca-miR-181b	0
ola-miR-181b-5p	0
cgr-miR-181b-5p	0
ccr-miR-181b	0
ipu-miR-181b	0
hhi-miR-181b	0
ssa-miR-181b-3p	0
ssa-miR-181c-5p	0
chi-miR-181b-5p	0
tch-miR-181b-5p	0
oha-miR-181b-5p	0
hsa-miR-181b-5p	0
mmu-miR-181b-5p	0
rno-miR-181b-5p	0
gga-miR-181b-5p	0
dre-miR-181b-5p	0
ssc-miR-181b	0
mml-miR-181b-5p	0
ptr-miR-181b	0
ppy-miR-181b	0
ggo-miR-181b	0
lla-miR-181b	0
mne-miR-181b	0
ppa-miR-181b	0
fru-miR-181b	0
tni-miR-181b	0
xtr-miR-181b	0
bta-miR-181b	0
mdo-miR-181b-5p	0
oan-miR-181b-5p	0
cfa-miR-181b	0
eca-miR-181b	0
tgu-miR-181b-5p	0
aca-miR-181b	0
ola-miR-181b-5p	0
cgr-miR-181b-5p	0
ccr-miR-181b	0
ipu-miR-181b	0
hhi-miR-181b	0
ssa-miR-181c-5p	0
efu-miR-181e	0
chi-miR-181b-5p	0
tch-miR-181b-5p	0
oha-miR-181b-5p	0
hsa-miR-181c-5p	0
hsa-miR-181c-3p	0
mmu-miR-181c-5p	0
mmu-miR-181c-3p	0
rno-miR-181c-5p	0
rno-miR-181c-3p	0
ssc-miR-181c	0
mml-miR-181c-5p	0
mml-miR-181c-3p	0
ptr-miR-181c	0
ggo-miR-181c	0
ppa-miR-181c	0
bta-miR-181c	0
mdo-miR-181a-3-3p	0
cfa-miR-181c	0
ppy-miR-181c	0
cgr-miR-181c-5p	0
cgr-miR-181c-3p	0
efu-miR-181c	0
chi-miR-181c-5p	0
chi-miR-181c-3p	0
tch-miR-181c-5p	0
ssc-miR-181d-3p	0
mmu-miR-182-3p	0
hsa-miR-182-3p	0
dre-miR-182-3p	0
fru-miR-182	0
tni-miR-182	0
xtr-miR-182-3p	0
mdo-miR-182-3p	0
oan-miR-182-3p	0
aca-miR-182-3p	0
pol-miR-182-3p	0
ccr-miR-182-3p	0
ssa-miR-182-3p	0
oha-miR-182-3p	0
mmu-miR-183-3p	0
hsa-miR-183-3p	0
rno-miR-183-3p	0
mml-miR-183-3p	0
bta-miR-1835	0
mmu-miR-184-5p	0
aca-miR-184-5p	0
eca-miR-1842	0
bta-miR-1842	0
bta-miR-1843	0
mmu-miR-185-5p	0
hsa-miR-185-5p	0
rno-miR-185-5p	0
mml-miR-185-5p	0
cfa-miR-185	0
ssc-miR-185	0
ptr-miR-185	0
bta-miR-185	0
ppy-miR-185	0
cgr-miR-185-5p	0
ggo-miR-185	0
efu-miR-185	0
tch-miR-185-5p	0
hsa-miR-186-3p	0
rno-miR-186-3p	0
mdo-miR-186-3p	0
oan-miR-186-3p	0
cgr-miR-186-3p	0
chi-miR-186-3p	0
mmu-miR-187-3p	0
hsa-miR-187-3p	0
rno-miR-187-3p	0
gga-miR-187-3p	0
dre-miR-187	0
ggo-miR-187	0
ppy-miR-187	0
mne-miR-187	0
ppa-miR-187	0
fru-miR-187	0
tni-miR-187	0
mdo-miR-187-3p	0
mml-miR-187-3p	0
bta-miR-187	0
cfa-miR-187	0
eca-miR-187	0
tgu-miR-187-3p	0
ssc-miR-187	0
cgr-miR-187	0
hhi-miR-187	0
chi-miR-187	0
mmu-miR-188-5p	0
mmu-miR-188-3p	0
hsa-miR-188-5p	0
hsa-miR-188-3p	0
mml-miR-188-5p	0
mml-miR-188-3p	0
ptr-miR-188	0
ppy-miR-188	0
mne-miR-188	0
ppa-miR-188	0
rno-miR-188-5p	0
rno-miR-188-3p	0
bta-miR-188	0
cfa-miR-188	0
eca-miR-188-5p	0
eca-miR-188-3p	0
cgr-miR-188	0
ggo-miR-188	0
efu-miR-188	0
chi-miR-188-5p	0
chi-miR-188-3p	0
tch-miR-188-5p	0
hsa-miR-18a-5p	0
hsa-miR-18a-3p	0
mmu-miR-18a-5p	0
mmu-miR-18a-3p	0
rno-miR-18a-5p	0
rno-miR-18a-3p	0
gga-miR-18a-5p	0
gga-miR-18a-3p	0
dre-miR-18a	0
ssc-miR-18a	0
ggo-miR-18a	0
lca-miR-18	0
age-miR-18	0
ppa-miR-18	0
ppy-miR-18a	0
ptr-miR-18a	0
mml-miR-18a-5p	0
mml-miR-18a-3p	0
sla-miR-18	0
lla-miR-18	0
mne-miR-18	0
fru-miR-18	0
tni-miR-18	0
bta-miR-18a	0
xtr-miR-18a-5p	0
xtr-miR-18a-3p	0
mdo-miR-18a-5p	0
mdo-miR-18a-3p	0
cfa-miR-18a	0
eca-miR-18a	0
tgu-miR-18a	0
pma-miR-18a-5p	0
aca-miR-18a-5p	0
aca-miR-18a-3p	0
ola-miR-18	0
cgr-miR-18a-5p	0
cgr-miR-18a-3p	0
ccr-miR-18a	0
ipu-miR-18a	0
ssa-miR-18b-5p	0
efu-miR-18	0
chi-miR-18a-5p	0
chi-miR-18a-3p	0
chi-miR-18b-5p	0
oha-miR-18a-5p	0
oha-miR-18a-3p	0
gga-miR-18b-5p	0
gga-miR-18b-3p	0
xla-miR-18	0
hsa-miR-18b-5p	0
bta-miR-18b	0
xtr-miR-18b	0
oan-miR-18-5p	0
oan-miR-18-3p	0
mml-miR-18b	0
ptr-miR-18b	0
cfa-miR-18b	0
eca-miR-18b	0
tgu-miR-18b	0
ppy-miR-18b	0
ssc-miR-18b	0
aca-miR-18b-5p	0
ggo-miR-18b	0
mdo-miR-18b-5p	0
chi-miR-18b-5p	0
chi-miR-18b-3p	0
oha-miR-18b-5p	0
mmu-miR-190a-5p	0
hsa-miR-190a-5p	0
hsa-miR-190a-3p	0
rno-miR-190a-5p	0
gga-miR-190a-5p	0
gga-miR-190a-3p	0
dre-miR-190a	0
mml-miR-190a-5p	0
mml-miR-190a-3p	0
ptr-miR-190a	0
ggo-miR-190a	0
ppa-miR-190	0
fru-miR-190	0
tni-miR-190	0
oan-miR-190a-5p	0
oan-miR-190a-3p	0
bta-miR-190a	0
cfa-miR-190a	0
mdo-miR-190a-5p	0
mdo-miR-190a-3p	0
eca-miR-190a	0
tgu-miR-190-5p	0
tgu-miR-190-3p	0
ppy-miR-190a	0
aca-miR-190a-5p	0
sha-miR-190	0
cgr-miR-190a	0
ssc-miR-190a	0
ccr-miR-190	0
ipu-miR-190a	0
ssa-miR-190a-5p	0
ssa-miR-190a-3p	0
chi-miR-190a-5p	0
chi-miR-190a-3p	0
tch-miR-190a	0
oha-miR-190a-5p	0
cgr-miR-191-3p	0
efu-miR-191	0
chi-miR-191-3p	0
ocu-miR-191-3p	0
hsa-miR-192-3p	0
mmu-miR-192-3p	0
oan-miR-192-3p	0
mml-miR-192-3p	0
chi-miR-192-3p	0
mmu-miR-193a-3p	0
hsa-miR-193a-5p	0
hsa-miR-193a-3p	0
rno-miR-193a-3p	0
dre-miR-193a-3p	0
fru-miR-193	0
tni-miR-193	0
bta-miR-193a-5p	0
bta-miR-193a-3p	0
mdo-miR-193a-3p	0
gga-miR-193a-5p	0
gga-miR-193a-3p	0
mml-miR-193a-5p	0
mml-miR-193a-3p	0
cfa-miR-193a	0
ptr-miR-193a	0
eca-miR-193a-5p	0
eca-miR-193a-3p	0
ssc-miR-193a-5p	0
ssc-miR-193a-3p	0
tgu-miR-193b-5p	0
ppy-miR-193a-5p	0
ppy-miR-193a-3p	0
aca-miR-193-5p	0
aca-miR-193-3p	0
ola-miR-193a	0
ggo-miR-193a	0
ccr-miR-193a	0
efu-miR-193a	0
tch-miR-193a-3p	0
oha-miR-193-5p	0
oha-miR-193-3p	0
bta-miR-193a	0
hsa-miR-193b-5p	0
gga-miR-193b-3p	0
mmu-miR-193b-5p	0
mmu-miR-193b-3p	0
oan-miR-193-5p	0
oan-miR-193-3p	0
mml-miR-193b-5p	0
cfa-miR-193b	0
bta-miR-193b	0
eca-miR-193b	0
tgu-miR-193a-3p	0
sha-miR-193	0
cgr-miR-193b-5p	0
cgr-miR-193b-3p	0
ggo-miR-193b	0
mdo-miR-193b-5p	0
mdo-miR-193b-3p	0
efu-miR-193b	0
rno-miR-193b-5p	0
rno-miR-193b-3p	0
chi-miR-193a	0
chi-miR-193b-5p	0
chi-miR-193b-3p	0
tch-miR-193b-3p	0
tgu-miR-194-3p	0
hsa-miR-194-3p	0
mmu-miR-194-2-3p	0
rno-miR-194-3p	0
mml-miR-194-3p	0
hsa-miR-196a-3p	0
mmu-miR-196a-2-3p	0
rno-miR-196a-3p	0
mml-miR-196a-3p	0
cgr-miR-196a-3p	0
hsa-miR-196b-5p	0
hsa-miR-196b-3p	0
mmu-miR-196b-5p	0
mmu-miR-196b-3p	0
rno-miR-196b-5p	0
rno-miR-196b-3p	0
mdo-miR-196b	0
oan-miR-196b-5p	0
oan-miR-196b-3p	0
mml-miR-196b-5p	0
mml-miR-196b-3p	0
cfa-miR-196b	0
ptr-miR-196b	0
bta-miR-196b	0
eca-miR-196b	0
ssc-miR-196b-5p	0
ssc-miR-196b-3p	0
ppy-miR-196b	0
cgr-miR-196b	0
mdo-miR-196a-5p	0
chi-miR-196b	0
hsa-miR-197-5p	0
hsa-miR-197-3p	0
ptr-miR-197	0
ppy-miR-197	0
age-miR-197	0
ppa-miR-197	0
mml-miR-197-5p	0
mml-miR-197-3p	0
cfa-miR-197	0
bta-miR-197	0
eca-miR-197	0
ggo-miR-197	0
chi-miR-197-3p	0
mmu-miR-199a-5p	0
mmu-miR-199a-3p	0
hsa-miR-199a-5p	0
hsa-miR-199a-3p	0
hsa-miR-199b-3p	0
mmu-miR-199b-3p	0
rno-miR-199a-5p	0
rno-miR-199a-3p	0
gga-miR-199-5p	0
gga-miR-199-3p	0
dre-miR-199-5p	0
dre-miR-199-3p	0
ggo-miR-199a	0
ppa-miR-199a	0
ppy-miR-199a	0
ptr-miR-199a-5p	0
mml-miR-199a	0
sla-miR-199a	0
lla-miR-199a	0
mne-miR-199a	0
fru-miR-199	0
tni-miR-199	0
bta-miR-199a-5p	0
bta-miR-199a-3p	0
xtr-miR-199a-5p	0
xtr-miR-199a-3p	0
mdo-miR-199b-3p	0
oan-miR-199-5p	0
oan-miR-199-3p	0
mml-miR-199a-5p	0
mml-miR-199a-3p	0
cfa-miR-199	0
ssc-miR-199b-3p	0
ptr-miR-199a-3p	0
ptr-miR-199b	0
bta-miR-199c	0
eca-miR-199a-5p	0
eca-miR-199a-3p	0
eca-miR-199b-3p	0
ssc-miR-199a-5p	0
ssc-miR-199a-3p	0
tgu-miR-199-5p	0
tgu-miR-199-3p	0
ppy-miR-199a-5p	0
ppy-miR-199a-3p	0
pma-miR-199a-5p	0
pma-miR-199a-3p	0
pma-miR-199b-3p	0
aca-miR-199a-5p	0
ola-miR-199a-5p	0
ola-miR-199a-3p	0
sha-miR-199a	0
cgr-miR-199a-3p	0
pol-miR-199a-5p	0
pol-miR-199a-3p	0
ccr-miR-199-5p	0
ccr-miR-199-3p	0
mdo-miR-199b-2-5p	0
ipu-miR-199a-5p	0
ipu-miR-199a-3p	0
oar-miR-199a-3p	0
hhi-miR-199a	0
ssa-miR-199a-5p	0
ssa-miR-199a-3p	0
efu-miR-199	0
chi-miR-199a-5p	0
chi-miR-199a-3p	0
chi-miR-199b-3p	0
chi-miR-199c-3p	0
tch-miR-199b-3p	0
tch-miR-199a-3p	0
oha-miR-199a-3p	0
oha-miR-199c-5p	0
oha-miR-199c-3p	0
mmu-miR-199a-5p	0
mmu-miR-199a-3p	0
hsa-miR-199a-5p	0
hsa-miR-199a-3p	0
hsa-miR-199b-3p	0
mmu-miR-199b-3p	0
rno-miR-199a-5p	0
rno-miR-199a-3p	0
gga-miR-199-5p	0
gga-miR-199-3p	0
dre-miR-199-5p	0
dre-miR-199-3p	0
ggo-miR-199a	0
ppa-miR-199a	0
ppy-miR-199a	0
ptr-miR-199a-5p	0
mml-miR-199a	0
sla-miR-199a	0
lla-miR-199a	0
mne-miR-199a	0
fru-miR-199	0
tni-miR-199	0
bta-miR-199a-5p	0
bta-miR-199a-3p	0
xtr-miR-199a-5p	0
xtr-miR-199a-3p	0
mdo-miR-199b-3p	0
oan-miR-199-5p	0
oan-miR-199-3p	0
mml-miR-199a-5p	0
mml-miR-199a-3p	0
cfa-miR-199	0
ssc-miR-199b-3p	0
ptr-miR-199a-3p	0
ptr-miR-199b	0
bta-miR-199c	0
eca-miR-199a-5p	0
eca-miR-199a-3p	0
eca-miR-199b-3p	0
ssc-miR-199a-5p	0
ssc-miR-199a-3p	0
tgu-miR-199-5p	0
tgu-miR-199-3p	0
ppy-miR-199a-5p	0
ppy-miR-199a-3p	0
pma-miR-199a-5p	0
pma-miR-199a-3p	0
pma-miR-199b-3p	0
aca-miR-199a-5p	0
ola-miR-199a-5p	0
ola-miR-199a-3p	0
sha-miR-199a	0
cgr-miR-199a-3p	0
pol-miR-199a-5p	0
pol-miR-199a-3p	0
ccr-miR-199-5p	0
ccr-miR-199-3p	0
mdo-miR-199b-2-5p	0
ipu-miR-199a-5p	0
ipu-miR-199a-3p	0
oar-miR-199a-3p	0
hhi-miR-199a	0
ssa-miR-199a-5p	0
ssa-miR-199a-3p	0
efu-miR-199	0
chi-miR-199a-5p	0
chi-miR-199a-3p	0
chi-miR-199b-3p	0
chi-miR-199c-3p	0
tch-miR-199b-3p	0
tch-miR-199a-3p	0
oha-miR-199a-3p	0
oha-miR-199c-5p	0
oha-miR-199c-3p	0
mmu-miR-199a-3p	0
hsa-miR-199a-3p	0
hsa-miR-199b-5p	0
hsa-miR-199b-3p	0
mmu-miR-199b-3p	0
rno-miR-199a-3p	0
gga-miR-199-3p	0
dre-miR-199-3p	0
bta-miR-199a-3p	0
xtr-miR-199a-3p	0
bta-miR-199b	0
mdo-miR-199b-1-5p	0
mdo-miR-199b-3p	0
oan-miR-199-3p	0
mml-miR-199a-3p	0
cfa-miR-199	0
ssc-miR-199b-5p	0
ssc-miR-199b-3p	0
ptr-miR-199a-3p	0
ptr-miR-199b	0
bta-miR-199c	0
eca-miR-199a-3p	0
eca-miR-199b-5p	0
eca-miR-199b-3p	0
ssc-miR-199a-3p	0
tgu-miR-199-3p	0
ppy-miR-199a-3p	0
ppy-miR-199b-5p	0
pma-miR-199a-3p	0
pma-miR-199b-3p	0
ola-miR-199a-3p	0
sha-miR-199a	0
cgr-miR-199a-3p	0
pol-miR-199a-3p	0
ccr-miR-199-3p	0
ipu-miR-199a-3p	0
oar-miR-199a-3p	0
ssa-miR-199a-3p	0
efu-miR-199	0
chi-miR-199a-3p	0
chi-miR-199b-5p	0
chi-miR-199b-3p	0
chi-miR-199c-5p	0
chi-miR-199c-3p	0
tch-miR-199b-3p	0
tch-miR-199a-3p	0
oha-miR-199a-3p	0
oha-miR-199c-3p	0
gga-miR-199-3p	0
bta-miR-199c	0
hsa-miR-19a-5p	0
mmu-miR-19a-5p	0
gga-miR-19a-5p	0
mml-miR-19a-5p	0
mdo-miR-19a-5p	0
oan-miR-19a-5p	0
tgu-miR-19a-5p	0
aca-miR-19a-5p	0
ipu-miR-19a	0
ssa-miR-19a-5p	0
oha-miR-19a-5p	0
hsa-miR-19b-1-5p	0
mmu-miR-19b-1-5p	0
rno-miR-19b-1-5p	0
gga-miR-19b-5p	0
mdo-miR-19b-1-5p	0
oan-miR-19b-1-5p	0
tgu-miR-19b-1-5p	0
cgr-miR-19b-5p	0
oan-miR-19b-2-5p	0
chi-miR-19b-5p	0
oha-miR-19b-5p	0
hsa-miR-200c-5p	0
mmu-miR-200c-5p	0
rno-miR-200c-5p	0
mml-miR-200c-5p	0
chi-miR-202-3p	0
mmu-miR-205-5p	0
hsa-miR-205-5p	0
hsa-miR-205-3p	0
rno-miR-205	0
gga-miR-205a	0
dre-miR-205-5p	0
ssc-miR-205	0
ggo-miR-205	0
age-miR-205	0
ppa-miR-205	0
ptr-miR-205	0
lla-miR-205	0
mne-miR-205	0
fru-miR-205	0
tni-miR-205	0
bta-miR-205	0
xtr-miR-205a	0
oan-miR-205-5p	0
mml-miR-205	0
xla-miR-205	0
cfa-miR-205	0
mdo-miR-205a	0
eca-miR-205	0
ppy-miR-205	0
pma-miR-205a-5p	0
aca-miR-205a	0
sha-miR-205	0
cgr-miR-205	0
ccr-miR-205	0
ipu-miR-205	0
ssa-miR-205b-5p	0
efu-miR-205	0
oha-miR-205a-5p	0
mmu-miR-206-3p	0
hsa-miR-206	0
rno-miR-206-3p	0
gga-miR-206	0
dre-miR-206-3p	0
ppy-miR-206	0
mne-miR-206	0
xtr-miR-206	0
mdo-miR-206	0
oan-miR-206-5p	0
oan-miR-206-3p	0
mml-miR-206	0
cfa-miR-206	0
ptr-miR-206	0
bta-miR-206	0
eca-miR-206	0
aca-miR-206-3p	0
ola-miR-206	0
cgr-miR-206	0
ggo-miR-206	0
pol-miR-206-3p	0
ccr-miR-206	0
ipu-miR-206	0
ssa-miR-206-3p	0
efu-miR-206	0
chi-miR-206	0
oha-miR-206	0
hsa-miR-208a-5p	0
hsa-miR-208a-3p	0
mmu-miR-208a-5p	0
mmu-miR-208a-3p	0
rno-miR-208a-5p	0
rno-miR-208a-3p	0
oan-miR-208-3p	0
mml-miR-208a-5p	0
mml-miR-208a-3p	0
ptr-miR-208a	0
bta-miR-208a	0
cfa-miR-208a	0
eca-miR-208a	0
ppy-miR-208a	0
aca-miR-208-3p	0
oha-miR-208-3p	0
mmu-miR-208b-5p	0
mmu-miR-208b-3p	0
hsa-miR-208b-3p	0
mml-miR-208b-3p	0
ptr-miR-208b	0
bta-miR-208b	0
cfa-miR-208b	0
eca-miR-208b	0
ssc-miR-208b	0
ppy-miR-208b	0
rno-miR-208b-5p	0
rno-miR-208b-3p	0
mdo-miR-208b-3p	0
chi-miR-208b	0
hsa-miR-20a-3p	0
mml-miR-20a-3p	0
oan-miR-20a-2-3p	0
chi-miR-20a-3p	0
dre-miR-20b-5p	0
bta-miR-20b	0
mml-miR-20b-3p	0
cfa-miR-20b	0
ssc-miR-20b	0
ssa-miR-20b-5p	0
chi-miR-20b	0
mmu-miR-21a-3p	0
rno-miR-21-3p	0
bta-miR-21-3p	0
cgr-miR-21-3p	0
oan-miR-21-3p	0
aja-miR-21	0
efu-miR-21	0
chi-miR-21-3p	0
hsa-miR-210-3p	0
mmu-miR-210-5p	0
mmu-miR-210-3p	0
rno-miR-210-3p	0
bta-miR-210	0
mml-miR-210-3p	0
ssc-miR-210	0
ptr-miR-210	0
bfl-miR-210-3p	0
cfa-miR-210	0
mdo-miR-210-3p	0
ola-miR-210-3p	0
cgr-miR-210-5p	0
cgr-miR-210-3p	0
ggo-miR-210	0
ccr-miR-210	0
ipu-miR-210	0
bbe-miR-210-5p	0
ssa-miR-210-3p	0
efu-miR-210	0
tch-miR-210	0
hsa-miR-211-3p	0
hsa-miR-212-3p	0
mmu-miR-212-3p	0
rno-miR-212-3p	0
mdo-miR-212-3p	0
eca-miR-212	0
hsa-miR-214-5p	0
hsa-miR-214-3p	0
mmu-miR-214-5p	0
mmu-miR-214-3p	0
rno-miR-214-3p	0
dre-miR-214	0
ssc-miR-214	0
ggo-miR-214	0
age-miR-214	0
ppa-miR-214	0
ppy-miR-214	0
ptr-miR-214	0
mml-miR-214-5p	0
mml-miR-214-3p	0
sla-miR-214	0
mne-miR-214	0
fru-miR-214	0
tni-miR-214	0
xtr-miR-214	0
bta-miR-214	0
mdo-miR-214-5p	0
mdo-miR-214-3p	0
oan-miR-214-5p	0
oan-miR-214-3p	0
gga-miR-214	0
cfa-miR-214	0
eca-miR-214	0
tgu-miR-214-5p	0
tgu-miR-214-3p	0
aca-miR-214-5p	0
aca-miR-214-3p	0
ola-miR-214	0
cgr-miR-214-5p	0
cgr-miR-214-3p	0
ccr-miR-214	0
aja-miR-214	0
ssa-miR-214-5p	0
efu-miR-214	0
chi-miR-214-5p	0
chi-miR-214-3p	0
hsa-miR-215-5p	0
gga-miR-215-5p	0
mml-miR-215-5p	0
ptr-miR-215	0
ppy-miR-215	0
ggo-miR-215	0
mne-miR-215	0
bta-miR-215	0
oan-miR-215-5p	0
ssc-miR-215	0
mdo-miR-215	0
eca-miR-215	0
tgu-miR-215-5p	0
cgr-miR-215-5p	0
efu-miR-215	0
chi-miR-215-5p	0
hsa-miR-216a-5p	0
mmu-miR-216a-5p	0
mmu-miR-216a-3p	0
rno-miR-216a-5p	0
rno-miR-216a-3p	0
gga-miR-216a	0
dre-miR-216a	0
ssc-miR-216	0
lca-miR-216	0
ggo-miR-216	0
ppy-miR-216a	0
ppa-miR-216	0
xtr-miR-216	0
mdo-miR-216	0
oan-miR-216a-5p	0
mml-miR-216a-5p	0
bta-miR-216a	0
bfl-miR-216-5p	0
cfa-miR-216a	0
eca-miR-216a	0
tgu-miR-216a-5p	0
aca-miR-216a	0
sha-miR-216a	0
ipu-miR-216a	0
bbe-miR-216-5p	0
ssa-miR-216b-5p	0
oha-miR-216-5p	0
hsa-miR-216b-3p	0
hsa-miR-217	0
gga-miR-217-5p	0
dre-miR-217	0
ssc-miR-217	0
ggo-miR-217	0
ppa-miR-217	0
fru-miR-217	0
tni-miR-217	0
xtr-miR-217	0
mdo-miR-217	0
oan-miR-217-5p	0
ptr-miR-217	0
bta-miR-217	0
bfl-miR-217	0
cfa-miR-217	0
eca-miR-217	0
tgu-miR-217-5p	0
ppy-miR-217	0
pma-miR-217a	0
aca-miR-217-5p	0
mml-miR-217b	0
ccr-miR-217	0
ipu-miR-217	0
bbe-miR-217-5p	0
chi-miR-217-5p	0
chi-miR-217-3p	0
oha-miR-217-5p	0
hsa-miR-218-5p	0
hsa-miR-218-1-3p	0
mmu-miR-218-5p	0
mmu-miR-218-1-3p	0
rno-miR-218a-5p	0
rno-miR-218a-1-3p	0
gga-miR-218-5p	0
dre-miR-218a	0
ggo-miR-218	0
age-miR-218	0
ppa-miR-218	0
lca-miR-218	0
ppy-miR-218	0
ptr-miR-218	0
sla-miR-218	0
lla-miR-218	0
mne-miR-218	0
mml-miR-218-5p	0
fru-miR-218a	0
tni-miR-218a	0
xtr-miR-218	0
bta-miR-218	0
mdo-miR-218-5p	0
oan-miR-218-5p	0
mml-miR-218-1-3p	0
cfa-miR-218	0
eca-miR-218	0
tgu-miR-218-5p	0
ssc-miR-218-5p	0
pma-miR-218a-5p	0
ssc-miR-218b	0
aca-miR-218-5p	0
ola-miR-218a	0
ola-miR-218b	0
cgr-miR-218a	0
ssc-miR-218	0
ccr-miR-218a	0
ipu-miR-218a	0
oar-miR-218a	0
ssa-miR-218-5p	0
efu-miR-218a	0
chi-miR-218	0
tch-miR-218-5p	0
oha-miR-218-5p	0
hsa-miR-218-5p	0
mmu-miR-218-5p	0
rno-miR-218a-5p	0
gga-miR-218-5p	0
dre-miR-218a	0
ggo-miR-218	0
age-miR-218	0
ppa-miR-218	0
lca-miR-218	0
ppy-miR-218	0
ptr-miR-218	0
sla-miR-218	0
lla-miR-218	0
mne-miR-218	0
mml-miR-218-5p	0
fru-miR-218a	0
tni-miR-218a	0
xtr-miR-218	0
bta-miR-218	0
mdo-miR-218-5p	0
oan-miR-218-5p	0
cfa-miR-218	0
eca-miR-218	0
tgu-miR-218-5p	0
ssc-miR-218-5p	0
pma-miR-218a-5p	0
ssc-miR-218b	0
aca-miR-218-5p	0
ola-miR-218a	0
ola-miR-218b	0
cgr-miR-218a	0
ssc-miR-218	0
ccr-miR-218a	0
ipu-miR-218a	0
oar-miR-218a	0
ssa-miR-218-5p	0
efu-miR-218b	0
chi-miR-218	0
tch-miR-218-5p	0
oha-miR-218-5p	0
hsa-miR-219a-5p	0
dme-miR-219-5p	0
mmu-miR-219a-5p	0
hsa-miR-219a-2-3p	0
mmu-miR-219a-2-3p	0
rno-miR-219a-5p	0
rno-miR-219a-2-3p	0
gga-miR-219a	0
dps-miR-219	0
dre-miR-219-5p	0
ame-miR-219	0
aga-miR-219	0
mml-miR-219	0
ggo-miR-219	0
ppy-miR-219	0
fru-miR-219	0
tni-miR-219	0
xtr-miR-219	0
mdo-miR-219-5p	0
mdo-miR-219-1-3p	0
oan-miR-219-5p	0
mml-miR-219-5p	0
mml-miR-219-3p	0
cfa-miR-219-5p	0
cfa-miR-219-3p	0
ptr-miR-219-5p	0
ptr-miR-219-2-3p	0
tca-miR-219-5p	0
dan-miR-219	0
der-miR-219	0
dgr-miR-219	0
dmo-miR-219	0
dpe-miR-219	0
dse-miR-219	0
dsi-miR-219	0
dvi-miR-219-5p	0
dwi-miR-219	0
dya-miR-219	0
bta-miR-219-5p	0
bta-miR-219-3p	0
cte-miR-219	0
bfl-miR-219	0
dpu-miR-219	0
isc-miR-219	0
eca-miR-219-5p	0
aae-miR-219	0
tgu-miR-219a	0
api-miR-219	0
nvi-miR-219	0
ppy-miR-219-5p	0
ngi-miR-219	0
nlo-miR-219	0
aca-miR-219-5p	0
sko-miR-219	0
pol-miR-219-5p	0
pmi-miR-219-5p	0
bbe-miR-219-5p	0
ssa-miR-219a-5p	0
ssa-miR-219b-5p	0
ssa-miR-219c-5p	0
chi-miR-219	0
oha-miR-219-5p	0
ssc-miR-219b-3p	0
hsa-miR-219a-5p	0
hsa-miR-219a-1-3p	0
dme-miR-219-5p	0
mmu-miR-219a-5p	0
rno-miR-219a-5p	0
gga-miR-219a	0
mml-miR-219	0
ggo-miR-219	0
ppy-miR-219	0
xtr-miR-219	0
mdo-miR-219-5p	0
mml-miR-219-5p	0
cfa-miR-219-5p	0
ptr-miR-219-5p	0
ptr-miR-219-1-3p	0
tca-miR-219-5p	0
cte-miR-219	0
bfl-miR-219	0
eca-miR-219-5p	0
ppy-miR-219-5p	0
ssc-miR-219a	0
bta-miR-219	0
bbe-miR-219-5p	0
efu-miR-219	0
chi-miR-219	0
tch-miR-219-5p	0
hsa-miR-22-5p	0
mmu-miR-22-5p	0
rno-miR-22-5p	0
xtr-miR-22-5p	0
bta-miR-22-5p	0
oan-miR-22-5p	0
gga-miR-22-5p	0
ssc-miR-22-5p	0
cgr-miR-22-5p	0
chi-miR-22-5p	0
hsa-miR-221-5p	0
hsa-miR-221-3p	0
mmu-miR-221-5p	0
mmu-miR-221-3p	0
rno-miR-221-5p	0
rno-miR-221-3p	0
gga-miR-221-5p	0
gga-miR-221-3p	0
dre-miR-221-5p	0
dre-miR-221-3p	0
mml-miR-221-5p	0
mml-miR-221-3p	0
ggo-miR-221	0
ppy-miR-221	0
ppa-miR-221	0
fru-miR-221	0
tni-miR-221	0
bta-miR-221	0
xtr-miR-221	0
mdo-miR-221-3p	0
oan-miR-221-3p	0
cfa-miR-221	0
ssc-miR-221-5p	0
ssc-miR-221-3p	0
ptr-miR-221	0
eca-miR-221	0
tgu-miR-221-5p	0
tgu-miR-221-3p	0
aca-miR-221-3p	0
ola-miR-221	0
sha-miR-221	0
cgr-miR-221-5p	0
cgr-miR-221-3p	0
pol-miR-221-5p	0
pol-miR-221-3p	0
ccr-miR-221	0
ipu-miR-221	0
oar-miR-221	0
ssa-miR-221-5p	0
efu-miR-221	0
chi-miR-221-5p	0
chi-miR-221-3p	0
tch-miR-221-3p	0
oha-miR-221-3p	0
hsa-miR-222-5p	0
hsa-miR-222-3p	0
mmu-miR-222-5p	0
mmu-miR-222-3p	0
rno-miR-222-5p	0
rno-miR-222-3p	0
gga-miR-222a	0
dre-miR-222a-3p	0
age-miR-222	0
fru-miR-222	0
tni-miR-222	0
bta-miR-222	0
xtr-miR-222	0
mdo-miR-222a	0
oan-miR-222a-3p	0
mml-miR-222-5p	0
mml-miR-222-3p	0
cfa-miR-222	0
eca-miR-222	0
ssc-miR-222	0
tgu-miR-222-3p	0
ppy-miR-222	0
aca-miR-222a-3p	0
ola-miR-222	0
sha-miR-222	0
cgr-miR-222-5p	0
cgr-miR-222-3p	0
ptr-miR-222	0
ggo-miR-222	0
ccr-miR-222	0
ssa-miR-222a-3p	0
ssa-miR-222b-3p	0
chi-miR-222-3p	0
tch-miR-222-3p	0
oha-miR-222a-3p	0
hsa-miR-223-5p	0
hsa-miR-223-3p	0
mmu-miR-223-5p	0
mmu-miR-223-3p	0
rno-miR-223-5p	0
rno-miR-223-3p	0
gga-miR-223	0
dre-miR-223	0
mml-miR-223	0
ptr-miR-223	0
ggo-miR-223	0
ppy-miR-223	0
sla-miR-223	0
ppa-miR-223	0
fru-miR-223	0
tni-miR-223	0
xtr-miR-223	0
mdo-miR-223-5p	0
mdo-miR-223-3p	0
oan-miR-223-5p	0
xla-miR-223	0
bta-miR-223	0
cfa-miR-223	0
eca-miR-223	0
tgu-miR-223	0
ola-miR-223	0
efu-miR-223	0
chi-miR-223-3p	0
oha-miR-223-5p	0
hsa-miR-224-5p	0
ssc-miR-224	0
mml-miR-224-5p	0
ptr-miR-224	0
ggo-miR-224	0
ppy-miR-224	0
mne-miR-224	0
ppa-miR-224	0
rno-miR-224-5p	0
cfa-miR-224	0
bta-miR-224	0
eca-miR-224	0
chi-miR-224-5p	0
chi-miR-224-3p	0
bta-miR-2284aa	0
bta-miR-2284aa	0
bta-miR-2284aa	0
bta-miR-2284aa	0
bta-miR-2284ab	0
bta-miR-2284ac	0
bta-miR-2284b	0
bta-miR-2284c	0
bta-miR-2284d	0
bta-miR-2284e	0
bta-miR-2284f	0
bta-miR-2284e	0
bta-miR-2284g	0
bta-miR-2284h-3p	0
bta-miR-2284i	0
bta-miR-2284l	0
bta-miR-2284n	0
bta-miR-2284o	0
bta-miR-2284p	0
bta-miR-2284q	0
bta-miR-2284r	0
bta-miR-2284s	0
bta-miR-2284t-5p	0
bta-miR-2284t-3p	0
bta-miR-2284u	0
bta-miR-2284v	0
bta-miR-2284w	0
bta-miR-2284z	0
bta-miR-2284aa	0
bta-miR-2284z	0
bta-miR-2284aa	0
bta-miR-2284z	0
bta-miR-2284aa	0
bta-miR-2284z	0
bta-miR-2284aa	0
bta-miR-2285a	0
bta-miR-2285aa	0
bta-miR-2285ab	0
bta-miR-2285ac	0
bta-miR-2285ad	0
bta-miR-2285ae	0
bta-miR-2285af	0
bta-miR-2285af	0
bta-chr23_3703_st	0
bta-miR-2285c	0
chi-miR-2284d	0
bta-miR-2285d	0
bta-miR-2285g	0
bta-miR-2285g	0
bta-miR-2285g	0
bta-miR-2285h	0
bta-miR-2285i	0
bta-miR-2285j	0
bta-miR-2285j	0
bta-miR-2285k	0
bta-miR-2285k	0
bta-miR-2285k	0
bta-miR-2285k	0
bta-miR-2285k	0
bta-miR-2285l	0
bta-miR-2285m	0
bta-miR-2285m	0
bta-miR-2285m	0
bta-miR-2285m	0
bta-miR-2285m	0
bta-miR-2285n	0
bta-miR-2285n	0
bta-miR-2285n	0
bta-miR-2285n	0
bta-miR-2285n	0
bta-miR-2285n	0
bta-miR-2285o	0
bta-miR-2285o	0
bta-miR-2285o	0
bta-miR-2285u	0
bta-miR-2285o	0
bta-miR-2285o	0
bta-miR-2285p	0
bta-miR-2285r	0
bta-miR-2285s	0
bta-chr23_3703_st	0
bta-miR-2285t	0
bta-miR-2285u	0
bta-miR-2285w	0
bta-miR-2285x	0
bta-miR-2285y	0
bta-miR-2285z	0
bta-miR-2286	0
bta-miR-2287	0
bta-miR-2288	0
bta-miR-2289	0
bta-miR-2290	0
chi-miR-2290	0
bta-miR-2291	0
bta-miR-2292	0
bta-miR-2293	0
bta-miR-2294	0
bta-miR-2295	0
bta-miR-2296	0
bta-miR-2297	0
bta-miR-2298	0
bta-miR-2299-5p	0
bta-miR-2299-3p	0
bta-miR-2300a-5p	0
bta-miR-2300b-3p	0
bta-miR-2301	0
bta-miR-2302	0
bta-miR-2303	0
bta-miR-2304	0
bta-miR-2305	0
bta-miR-2306	0
bta-miR-2307	0
bta-miR-2308	0
bta-miR-2309	0
bta-miR-2310	0
chi-miR-1814	0
bta-miR-2311	0
bta-miR-2312	0
bta-miR-2313-5p	0
bta-miR-2313-3p	0
bta-miR-2314	0
bta-miR-2315	0
bta-miR-2316	0
bta-miR-2317	0
bta-miR-2318	0
chi-miR-2318	0
bta-miR-2319a	0
bta-miR-2319b	0
bta-miR-2319b	0
bta-miR-2320-5p	0
bta-miR-2320-3p	0
ssc-miR-2320-5p	0
chi-miR-2320	0
bta-miR-2321	0
bta-miR-2322-5p	0
bta-miR-2322-3p	0
bta-miR-2323	0
bta-miR-2324	0
bta-miR-2325a	0
bta-miR-2325b	0
bta-miR-2325c	0
bta-miR-2326	0
bta-miR-2327	0
bta-miR-2328-5p	0
bta-miR-2328-3p	0
bta-miR-2329-3p	0
bta-miR-2329-5p	0
bta-miR-2329-3p	0
bta-miR-2329-5p	0
bta-miR-2330-5p	0
bta-miR-2330-3p	0
bta-miR-2331-5p	0
bta-miR-2331-3p	0
chi-miR-2331	0
bta-miR-2332	0
chi-miR-2332	0
bta-miR-2333	0
bta-miR-2334	0
bta-miR-2335	0
chi-miR-2335	0
bta-miR-2337	0
bta-miR-2338	0
bta-miR-2339	0
bta-miR-2340	0
bta-miR-2341	0
bta-miR-2342	0
bta-miR-2343	0
bta-miR-2344	0
bta-miR-2345	0
bta-miR-2346	0
bta-miR-2347	0
bta-miR-2348	0
bta-miR-2349	0
bta-miR-2350	0
bta-miR-2351	0
bta-miR-2352	0
bta-miR-2353	0
bta-miR-2354	0
bta-miR-2355-5p	0
bta-miR-2355-3p	0
hsa-miR-2355-3p	0
bta-miR-2356	0
bta-miR-2357	0
bta-miR-2358	0
bta-miR-2359	0
bta-miR-2360	0
bta-miR-2361	0
bta-miR-2362	0
bta-miR-2363	0
bta-miR-2363	0
bta-miR-2364	0
bta-miR-2365	0
bta-miR-2366	0
ssc-miR-2366	0
bta-miR-2367-5p	0
bta-miR-2367-3p	0
bta-miR-2368-5p	0
bta-miR-2368-3p	0
bta-miR-2369	0
bta-miR-2370-5p	0
bta-miR-2370-3p	0
bta-miR-2371	0
bta-miR-2372	0
bta-miR-2373-5p	0
bta-miR-2373-3p	0
bta-miR-2374	0
bta-miR-2375	0
bta-miR-2376	0
bta-miR-2377	0
bta-miR-2378	0
bta-miR-2379	0
bta-miR-2380	0
bta-miR-2381	0
bta-miR-2382-5p	0
bta-miR-2382-3p	0
bta-miR-2383	0
bta-miR-2384	0
bta-miR-2385-5p	0
bta-miR-2385-3p	0
bta-miR-2386	0
bta-miR-2387	0
bta-miR-2388-5p	0
bta-miR-2388-3p	0
bta-miR-2389	0
bta-miR-2390	0
bta-miR-2392	0
bta-miR-2393	0
bta-miR-2394	0
bta-miR-2395	0
bta-miR-2396	0
bta-miR-2397-5p	0
bta-miR-2397-3p	0
bta-miR-2398	0
bta-miR-2399-5p	0
bta-miR-2399-3p	0
hsa-miR-23a-5p	0
mmu-miR-23a-5p	0
rno-miR-23a-5p	0
mml-miR-23a-5p	0
mdo-miR-23a-5p	0
cgr-miR-23a-5p	0
mmu-miR-23b-5p	0
rno-miR-23b-5p	0
bta-miR-23b-5p	0
mdo-miR-23b-5p	0
mml-miR-23b-5p	0
aca-miR-23b-5p	0
cgr-miR-23b-5p	0
bta-miR-2400	0
bta-miR-2401	0
bta-miR-2402	0
bta-miR-2403	0
bta-miR-2404	0
chi-miR-2404	0
bta-miR-2404	0
chi-miR-2404	0
bta-miR-2405	0
bta-miR-2406	0
bta-miR-2407	0
bta-miR-2408	0
bta-miR-2409	0
bta-miR-2410	0
bta-miR-2411-5p	0
bta-miR-2411-3p	0
ssc-miR-2411	0
chi-miR-2411-5p	0
chi-miR-2411-3p	0
bta-miR-2412	0
bta-miR-2413	0
bta-miR-2414	0
bta-miR-2415-5p	0
bta-miR-2415-3p	0
bta-miR-2416	0
bta-miR-2417	0
bta-miR-2418	0
bta-miR-2419-5p	0
bta-miR-2419-3p	0
bta-miR-2420	0
bta-miR-2421	0
bta-miR-2422	0
bta-miR-2423	0
bta-miR-2424	0
cgr-miR-2424	0
bta-miR-2425-5p	0
bta-miR-2425-3p	0
bta-miR-2426	0
bta-miR-2427	0
bta-miR-2428	0
bta-miR-2429	0
bta-miR-2430	0
bta-miR-2431-5p	0
bta-miR-2431-3p	0
bta-miR-2432	0
chi-miR-2432	0
bta-miR-2433	0
bta-miR-2434	0
bta-miR-2436-5p	0
bta-miR-2436-3p	0
bta-miR-2437	0
bta-miR-2438	0
bta-miR-2439-5p	0
bta-miR-2439-3p	0
bta-miR-2440	0
bta-miR-2441	0
bta-miR-2442	0
bta-miR-2443	0
bta-miR-2444	0
bta-miR-2446	0
bta-miR-2447	0
bta-miR-2448-5p	0
bta-miR-2448-3p	0
bta-miR-2449	0
bta-miR-2450a	0
bta-miR-2450b	0
bta-miR-2450c	0
bta-miR-2450d	0
bta-miR-2451	0
bta-miR-2452	0
bta-miR-2453	0
bta-miR-2454-5p	0
bta-miR-2454-3p	0
bta-miR-2455	0
bta-miR-2456	0
bta-miR-2457	0
bta-miR-2458	0
bta-miR-2459	0
bta-miR-2460	0
bta-miR-2461-5p	0
bta-miR-2461-3p	0
bta-miR-2462	0
bta-miR-2463	0
bta-miR-2464-5p	0
bta-miR-2464-3p	0
bta-miR-2465	0
bta-miR-2466-5p	0
bta-miR-2466-3p	0
bta-miR-2467-5p	0
bta-miR-2467-3p	0
bta-miR-2468	0
bta-miR-2469	0
bta-miR-2470	0
bta-miR-2471-5p	0
bta-miR-2471-3p	0
bta-miR-2472	0
bta-miR-2473	0
bta-miR-2474	0
bta-miR-2475	0
bta-miR-2477	0
bta-miR-2478	0
mmu-miR-3963	0
bta-miR-2479	0
bta-miR-2480	0
bta-miR-2481	0
bta-miR-2482	0
bta-miR-2483-3p	0
ssc-miR-2483	0
chi-miR-2483-3p	0
bta-miR-2484	0
bta-miR-2485	0
bta-miR-2486-5p	0
bta-miR-2486-3p	0
bta-miR-2488	0
bta-miR-2489	0
hsa-miR-25-5p	0
mmu-miR-25-5p	0
cgr-miR-25-5p	0
chi-miR-25-5p	0
chi-miR-26a-3p	0
hsa-miR-26a-2-3p	0
mml-miR-26a-2-3p	0
sha-miR-26a	0
ssa-miR-26a-4-3p	0
oha-miR-26-3-3p	0
hsa-miR-26b-5p	0
hsa-miR-26b-3p	0
mmu-miR-26b-5p	0
mmu-miR-26b-3p	0
rno-miR-26b-5p	0
rno-miR-26b-3p	0
bta-miR-26b	0
mml-miR-26b-5p	0
mml-miR-26b-3p	0
cfa-miR-26b	0
ptr-miR-26b	0
ppy-miR-26b	0
cgr-miR-26b-5p	0
cgr-miR-26b-3p	0
ggo-miR-26b	0
oar-miR-26b	0
efu-miR-26b	0
chi-miR-26b-5p	0
chi-miR-26b-3p	0
tch-miR-26b-5p	0
bta-miR-26c	0
hsa-miR-27a-5p	0
mmu-miR-27a-5p	0
rno-miR-27a-5p	0
mml-miR-27a-5p	0
bta-miR-27a-5p	0
cgr-miR-27a-5p	0
chi-miR-27a-5p	0
mmu-miR-27b-5p	0
hsa-miR-27b-5p	0
rno-miR-27b-5p	0
gga-miR-27b-5p	0
dre-miR-27b-5p	0
oan-miR-27b-5p	0
mml-miR-27b-5p	0
ssc-miR-27b-5p	0
tgu-miR-27-5p	0
aca-miR-27b-5p	0
cgr-miR-27b-5p	0
ssa-miR-27b-5p	0
chi-miR-27b-5p	0
oha-miR-27b-5p	0
hsa-miR-28-5p	0
mmu-miR-28a-5p	0
rno-miR-28-5p	0
ssc-miR-28-5p	0
age-miR-28	0
mml-miR-28-5p	0
ptr-miR-28	0
ggo-miR-28	0
ppy-miR-28	0
mne-miR-28	0
sla-miR-28	0
lla-miR-28	0
ppa-miR-28	0
bta-miR-28	0
eca-miR-28-5p	0
mmu-miR-28c	0
cgr-miR-28-5p	0
efu-miR-28	0
chi-miR-28-5p	0
chi-miR-28-3p	0
tch-miR-28-5p	0
bta-miR-2881	0
bta-miR-2882	0
bta-miR-2883	0
bta-miR-2885	0
bta-miR-2886	0
bta-miR-2887	0
bta-miR-2887	0
bta-miR-2888	0
bta-miR-2888	0
bta-miR-2889	0
bta-miR-2890	0
bta-miR-2891	0
bta-miR-2892	0
bta-miR-2893	0
bta-miR-2894	0
bta-miR-2895	0
bta-miR-2896	0
bta-miR-2897	0
bta-miR-2898	0
bta-miR-2899	0
bta-miR-2900	0
bta-miR-2901	0
bta-miR-2902	0
bta-miR-2903	0
bta-miR-2904	0
bta-miR-2904	0
bta-miR-2904	0
bta-miR-2917	0
bta-miR-2957	0
bta-miR-296-3p	0
ssc-miR-296-3p	0
chi-miR-296-3p	0
mmu-miR-299a-5p	0
mmu-miR-299a-3p	0
hsa-miR-299-5p	0
rno-miR-299a-5p	0
rno-miR-299a-3p	0
mml-miR-299-5p	0
mml-miR-299-3p	0
bta-miR-299	0
cfa-miR-299	0
ptr-miR-299	0
ssc-miR-299	0
ppy-miR-299-5p	0
ppy-miR-299-3p	0
rno-miR-299b-3p	0
oar-miR-299-5p	0
mmu-miR-299b-5p	0
mmu-miR-299b-3p	0
ggo-miR-299	0
efu-miR-299	0
hsa-miR-29a-5p	0
mmu-miR-29a-5p	0
rno-miR-29a-5p	0
gga-miR-29a-5p	0
mml-miR-29a-5p	0
mdo-miR-29a-1-5p	0
oan-miR-29a-1-5p	0
tgu-miR-29a-1-5p	0
cgr-miR-29a-5p	0
chi-miR-29a-5p	0
hsa-miR-29b-1-5p	0
hsa-miR-29b-3p	0
mmu-miR-29b-1-5p	0
mmu-miR-29b-3p	0
rno-miR-29b-3p	0
rno-miR-29b-1-5p	0
gga-miR-29b-1-5p	0
gga-miR-29b-3p	0
dre-miR-29b	0
ssc-miR-29b	0
ppy-miR-29b	0
ptr-miR-29b	0
ggo-miR-29b	0
lla-miR-29b	0
age-miR-29b	0
ppa-miR-29b	0
sla-miR-29b	0
mne-miR-29b	0
fru-miR-29b	0
tni-miR-29b	0
xtr-miR-29b	0
bta-miR-29b	0
mdo-miR-29b-1-5p	0
mdo-miR-29b-3p	0
ame-miR-29b	0
oan-miR-29b-5p	0
oan-miR-29b-3p	0
mml-miR-29b-1-5p	0
mml-miR-29b-3p	0
cfa-miR-29b	0
cte-miR-29b	0
sko-miR-29b-3p	0
eca-miR-29b	0
tgu-miR-29b-1-5p	0
tgu-miR-29b-3p	0
nvi-miR-29b	0
ngi-miR-29b	0
pma-miR-29c	0
aca-miR-29b	0
ola-miR-29b	0
cgr-miR-29b-5p	0
cgr-miR-29b-3p	0
ccr-miR-29b	0
aja-miR-29b	0
oar-miR-29b	0
ssa-miR-29a-3p	0
efu-miR-29b	0
chi-miR-29b-3p	0
tch-miR-29b-3p	0
oha-miR-29b-1-5p	0
oha-miR-29b-3p	0
hsa-miR-29b-3p	0
hsa-miR-29b-2-5p	0
mmu-miR-29b-3p	0
mmu-miR-29b-2-5p	0
rno-miR-29b-5p	0
rno-miR-29b-3p	0
gga-miR-29b-3p	0
gga-miR-29b-2-5p	0
dre-miR-29b	0
ssc-miR-29b	0
ppy-miR-29b	0
ptr-miR-29b	0
ggo-miR-29b	0
lla-miR-29b	0
age-miR-29b	0
ppa-miR-29b	0
sla-miR-29b	0
mne-miR-29b	0
fru-miR-29b	0
tni-miR-29b	0
xtr-miR-29b	0
bta-miR-29b	0
mdo-miR-29b-3p	0
ame-miR-29b	0
oan-miR-29b-3p	0
mml-miR-29b-3p	0
mml-miR-29b-2-5p	0
cfa-miR-29b	0
cte-miR-29b	0
sko-miR-29b-3p	0
eca-miR-29b	0
tgu-miR-29b-3p	0
tgu-miR-29b-2-5p	0
nvi-miR-29b	0
ngi-miR-29b	0
pma-miR-29c	0
aca-miR-29b	0
ola-miR-29b	0
cgr-miR-29b-3p	0
ccr-miR-29b	0
mdo-miR-29b-2-5p	0
aja-miR-29b	0
oar-miR-29b	0
ssa-miR-29a-3p	0
efu-miR-29b	0
chi-miR-29b-5p	0
chi-miR-29b-3p	0
tch-miR-29b-3p	0
oha-miR-29b-3p	0
oha-miR-29b-2-5p	0
mmu-miR-29c-3p	0
hsa-miR-29c-3p	0
rno-miR-29c-3p	0
gga-miR-29a-3p	0
gga-miR-29c-3p	0
dre-miR-29a	0
ssc-miR-29c	0
fru-miR-29a	0
tni-miR-29a	0
xtr-miR-29a	0
xtr-miR-29c-3p	0
bta-miR-29c	0
mdo-miR-29a-3p	0
oan-miR-29a-3p	0
mml-miR-29c-5p	0
mml-miR-29c-3p	0
cfa-miR-29c	0
ptr-miR-29c	0
eca-miR-29c	0
tgu-miR-29a-3p	0
ppy-miR-29c	0
aca-miR-29a-3p	0
ola-miR-29c	0
cgr-miR-29c-3p	0
ggo-miR-29c	0
ccr-miR-29a	0
aja-miR-29c	0
ssa-miR-29b-3p	0
efu-miR-29c	0
tch-miR-29c-3p	0
oha-miR-29a-3p	0
mml-miR-29c-5p	0
hsa-miR-29b-2-5p	0
mmu-miR-29b-2-5p	0
rno-miR-29b-5p	0
gga-miR-29b-2-5p	0
mml-miR-29b-2-5p	0
bta-miR-29e	0
tgu-miR-29b-2-5p	0
mdo-miR-29b-2-5p	0
chi-miR-29b-5p	0
oha-miR-29b-2-5p	0
mmu-miR-301a-5p	0
mmu-miR-301a-3p	0
rno-miR-301a-5p	0
rno-miR-301a-3p	0
hsa-miR-301a-5p	0
hsa-miR-301a-3p	0
dre-miR-301a	0
xtr-miR-301	0
oan-miR-301-5p	0
oan-miR-301-3p	0
gga-miR-301b-5p	0
gga-miR-301b-3p	0
mml-miR-301a-5p	0
mml-miR-301a-3p	0
ptr-miR-301a	0
bta-miR-301a	0
cfa-miR-301a	0
mdo-miR-301-5p	0
mdo-miR-301-3p	0
eca-miR-301a	0
tgu-miR-301-5p	0
tgu-miR-301-3p	0
aca-miR-301a-3p	0
ola-miR-301b-3p	0
ola-miR-301a-3p	0
cgr-miR-301a-5p	0
cgr-miR-301a-3p	0
ccr-miR-301a	0
ipu-miR-301a	0
hhi-miR-301	0
ssa-miR-301d-3p	0
chi-miR-301a-5p	0
chi-miR-301a-3p	0
oha-miR-301a-3p	0
hsa-miR-301b-5p	0
hsa-miR-301b-3p	0
mml-miR-301b	0
ptr-miR-301b	0
bta-miR-301b	0
cfa-miR-301b	0
eca-miR-301b-3p	0
ppy-miR-301b	0
chi-miR-301b	0
gga-miR-302a	0
mdo-miR-302a	0
oan-miR-302-3p	0
bta-miR-302a	0
bta-miR-302d	0
eca-miR-302a	0
hsa-miR-302b-3p	0
gga-miR-302b-3p	0
mmu-miR-302b-3p	0
mdo-miR-302a	0
oan-miR-302-3p	0
mml-miR-302b	0
ptr-miR-302b	0
bta-miR-302d	0
bta-miR-302b	0
eca-miR-302b	0
ppy-miR-302b	0
aca-miR-302b	0
hsa-miR-302c-5p	0
hsa-miR-302c-3p	0
gga-miR-302c-3p	0
mmu-miR-302c-3p	0
mdo-miR-302c	0
mml-miR-302c	0
ptr-miR-302c	0
bta-miR-302c	0
cfa-miR-302c	0
eca-miR-302c	0
ppy-miR-302c	0
ocu-miR-302c-5p	0
ocu-miR-302c-3p	0
hsa-miR-302d-5p	0
mmu-miR-302d-5p	0
mdo-miR-302a	0
oan-miR-302-3p	0
bta-miR-302d	0
cfa-miR-302d	0
ocu-miR-302d-5p	0
mmu-miR-3064-5p	0
mmu-miR-3064-3p	0
hsa-miR-3064-5p	0
hsa-miR-3064-3p	0
gga-miR-3064-5p	0
rno-miR-3064-5p	0
rno-miR-3064-3p	0
bta-miR-3064	0
hsa-miR-30a-3p	0
mmu-miR-30a-3p	0
rno-miR-30a-3p	0
gga-miR-30a-3p	0
dre-miR-30e-3p	0
mml-miR-30a-3p	0
ptr-miR-30a-3p	0
ggo-miR-30a-3p	0
ppy-miR-30a-3p	0
ppa-miR-30a-3p	0
mdo-miR-30a-3p	0
oan-miR-30a-3p	0
ssc-miR-30a-3p	0
tgu-miR-30b-3p	0
aca-miR-30a-3p	0
ola-miR-30e	0
ola-miR-30a-3p	0
cgr-miR-30a-3p	0
ipu-miR-30e	0
oar-miR-30a-3p	0
ssa-miR-30c-3p	0
ssa-miR-30d-3p	0
efu-miR-30a	0
chi-miR-30a-3p	0
oha-miR-30a-3p	0
hsa-miR-30b-3p	0
mml-miR-30b-3p	0
bta-miR-30b-3p	0
ssc-miR-30b-3p	0
mdo-miR-30b-3p	0
chi-miR-30b-3p	0
mmu-miR-30c-1-3p	0
hsa-miR-30c-1-3p	0
rno-miR-30c-1-3p	0
mml-miR-30c-1-3p	0
ssc-miR-30c-1-3p	0
oan-miR-30c-1-3p	0
efu-miR-30c	0
chi-miR-30c-3p	0
hsa-miR-30c-2-3p	0
mmu-miR-30c-2-3p	0
rno-miR-30c-2-3p	0
gga-miR-30c-2-3p	0
ssc-miR-30c-3p	0
oan-miR-30c-2-3p	0
mml-miR-30c-2-3p	0
bta-miR-30f	0
tgu-miR-30c-3p	0
pma-miR-30f	0
aca-miR-30c-3p	0
chi-miR-30f-5p	0
oha-miR-30c-1-3p	0
hsa-miR-31-5p	0
hsa-miR-31-3p	0
mmu-miR-31-5p	0
mmu-miR-31-3p	0
rno-miR-31a-5p	0
rno-miR-31a-3p	0
mml-miR-31-5p	0
mml-miR-31-3p	0
ptr-miR-31	0
ggo-miR-31	0
ppy-miR-31	0
mne-miR-31	0
ppa-miR-31	0
bta-miR-31	0
mdo-miR-31-3p	0
cfa-miR-31	0
eca-miR-31	0
cgr-miR-31-5p	0
cgr-miR-31-3p	0
ssc-miR-31	0
efu-miR-31	0
hsa-miR-3120-5p	0
hsa-miR-3120-3p	0
rno-miR-3120	0
bta-miR-3120	0
aja-miR-3120	0
oha-miR-3120	0
hsa-miR-3141	0
bta-miR-3141	0
bta-miR-3154	0
mdo-miR-32-3p	0
mmu-miR-320-5p	0
rno-miR-320-5p	0
mmu-miR-320-5p	0
rno-miR-320-5p	0
bta-miR-320b	0
rno-miR-323-5p	0
mmu-miR-323-5p	0
hsa-miR-323a-5p	0
mml-miR-323a-5p	0
eca-miR-323-5p	0
ppy-miR-323-5p	0
oar-miR-323a-5p	0
rno-miR-324-5p	0
rno-miR-324-3p	0
mmu-miR-324-5p	0
mmu-miR-324-3p	0
hsa-miR-324-5p	0
hsa-miR-324-3p	0
mml-miR-324-5p	0
mml-miR-324-3p	0
ptr-miR-324	0
bta-miR-324	0
cfa-miR-324	0
eca-miR-324-5p	0
eca-miR-324-3p	0
ssc-miR-324	0
ppy-miR-324-5p	0
ppy-miR-324-3p	0
cgr-miR-324-5p	0
cgr-miR-324-3p	0
ggo-miR-324	0
efu-miR-324	0
chi-miR-324-5p	0
chi-miR-324-3p	0
tch-miR-324-5p	0
hsa-miR-326	0
ssc-miR-326	0
ptr-miR-326	0
bta-miR-326	0
cfa-miR-326	0
eca-miR-326	0
ppy-miR-326	0
ggo-miR-326	0
chi-miR-326-3p	0
tch-miR-326	0
rno-miR-328a-5p	0
rno-miR-328a-3p	0
mmu-miR-328-5p	0
mmu-miR-328-3p	0
hsa-miR-328-5p	0
hsa-miR-328-3p	0
cfa-miR-328	0
ptr-miR-328	0
bta-miR-328	0
eca-miR-328	0
ssc-miR-328	0
ppy-miR-328	0
cgr-miR-328	0
ggo-miR-328	0
chi-miR-328-3p	0
tch-miR-328	0
bta-miR-329a	0
oar-miR-329a-3p	0
chi-miR-329a-3p	0
hsa-miR-329-5p	0
hsa-miR-329-3p	0
mml-miR-329-1-5p	0
mml-miR-329-3p	0
cfa-miR-329a	0
ptr-miR-329	0
bta-miR-329b	0
cfa-miR-329b	0
ppy-miR-329	0
oar-miR-329b-5p	0
oar-miR-329b-3p	0
ggo-miR-329b	0
chi-miR-329b-3p	0
rno-miR-330-5p	0
mmu-miR-330-5p	0
hsa-miR-330-5p	0
hsa-miR-330-3p	0
mml-miR-330-5p	0
mml-miR-330-3p	0
ptr-miR-330	0
bta-miR-330	0
cfa-miR-330	0
eca-miR-330	0
ppy-miR-330-5p	0
ppy-miR-330-3p	0
ggo-miR-330	0
efu-miR-330	0
chi-miR-330-5p	0
chi-miR-330-3p	0
tch-miR-330-3p	0
rno-miR-331-3p	0
mmu-miR-331-3p	0
hsa-miR-331-3p	0
bta-miR-331-3p	0
mml-miR-331-3p	0
ptr-miR-331	0
cfa-miR-331	0
eca-miR-331	0
ssc-miR-331-3p	0
ppy-miR-331-3p	0
cgr-miR-331-3p	0
ggo-miR-331	0
aja-miR-331	0
efu-miR-331	0
chi-miR-1814	0
chi-miR-331-3p	0
rno-miR-338-5p	0
rno-miR-338-3p	0
mmu-miR-338-5p	0
mmu-miR-338-3p	0
hsa-miR-338-5p	0
hsa-miR-338-3p	0
dre-miR-338	0
fru-miR-338	0
tni-miR-338	0
xtr-miR-338	0
mdo-miR-338	0
mml-miR-338-5p	0
mml-miR-338-3p	0
cfa-miR-338	0
ptr-miR-338	0
bta-miR-338	0
eca-miR-338-5p	0
eca-miR-338-3p	0
tgu-miR-338-3p	0
ssc-miR-338	0
ppy-miR-338-5p	0
ppy-miR-338-3p	0
aca-miR-338-5p	0
aca-miR-338-3p	0
ola-miR-338-3p	0
sha-miR-338	0
cgr-miR-338	0
ggo-miR-338	0
ccr-miR-338	0
ipu-miR-338	0
ssa-miR-338a-3p	0
chi-miR-338-5p	0
chi-miR-338-3p	0
oha-miR-338-3p	0
cfa-miR-339	0
bta-miR-339b	0
ssc-miR-4334-3p	0
hsa-miR-33a-5p	0
hsa-miR-33a-3p	0
mmu-miR-33-5p	0
mmu-miR-33-3p	0
rno-miR-33-5p	0
rno-miR-33-3p	0
gga-miR-33-5p	0
mml-miR-33a	0
ptr-miR-33a	0
ggo-miR-33	0
ppy-miR-33a	0
mne-miR-33	0
ppa-miR-33	0
xtr-miR-33a	0
ame-miR-33	0
oan-miR-33-5p	0
cin-miR-33	0
cfa-miR-33a	0
tca-miR-33-5p	0
bta-miR-33a	0
bfl-miR-33	0
cte-miR-33	0
lgi-miR-33-5p	0
bmo-miR-33-5p	0
mdo-miR-33-5p	0
eca-miR-33a	0
aae-miR-33	0
cqu-miR-33	0
tgu-miR-33-5p	0
nvi-miR-33	0
aca-miR-33-5p	0
cgr-miR-33	0
mse-miR-33	0
lva-miR-33-5p	0
bbe-miR-33-5p	0
ssa-miR-33a-5p	0
ssa-miR-33b-5p	0
efu-miR-33	0
chi-miR-33a-5p	0
chi-miR-33a-3p	0
tch-miR-33a-5p	0
oha-miR-33-5p	0
oha-miR-33a-5p	0
hsa-miR-33b-5p	0
hsa-miR-33b-3p	0
mml-miR-33b-5p	0
mml-miR-33b-3p	0
ptr-miR-33b	0
bta-miR-33b	0
cfa-miR-33b	0
eca-miR-33b	0
chi-miR-33b-5p	0
chi-miR-33b-3p	0
chi-miR-342-5p	0
chi-miR-3432-3p	0
bta-miR-345-5p	0
bta-miR-345-3p	0
cfa-miR-345	0
eca-miR-345-3p	0
ssc-miR-345-5p	0
ssc-miR-345-3p	0
cgr-miR-345	0
chi-miR-345-5p	0
chi-miR-345-3p	0
hsa-miR-346	0
mml-miR-346	0
ptr-miR-346	0
bta-miR-346	0
cfa-miR-346	0
eca-miR-346	0
ppy-miR-346	0
ggo-miR-346	0
chi-miR-346-5p	0
hsa-miR-34a-5p	0
hsa-miR-34a-3p	0
mmu-miR-34a-5p	0
mmu-miR-34a-3p	0
rno-miR-34a-5p	0
rno-miR-34a-3p	0
gga-miR-34a-5p	0
gga-miR-34a-3p	0
dre-miR-34a	0
ggo-miR-34a	0
age-miR-34a	0
ppa-miR-34a	0
ppy-miR-34a	0
ptr-miR-34a	0
mml-miR-34a-5p	0
mml-miR-34a-3p	0
sla-miR-34a	0
lla-miR-34a	0
mne-miR-34a	0
xtr-miR-34a	0
mdo-miR-34a-5p	0
mdo-miR-34a-3p	0
bta-miR-34a	0
cfa-miR-34a	0
ssc-miR-34a	0
eca-miR-34a	0
tgu-miR-34a	0
aca-miR-34b-5p	0
cgr-miR-34a	0
ccr-miR-34	0
ipu-miR-34a	0
efu-miR-34a	0
chi-miR-34a	0
tch-miR-34a-5p	0
oha-miR-34a-5p	0
hsa-miR-34c-3p	0
mml-miR-34c-3p	0
ptr-miR-34c	0
ppy-miR-34c-3p	0
cgr-miR-34c-3p	0
chi-miR-34c-3p	0
bta-miR-3533	0
rno-miR-3592	0
bta-miR-3578	0
bta-miR-3596	0
bta-miR-3600	0
oha-miR-22b	0
bta-miR-3601	0
bta-miR-3602	0
bta-miR-3604	0
ipu-miR-199b	0
bta-miR-3604	0
ipu-miR-199b	0
hsa-miR-361-5p	0
mmu-miR-361-5p	0
rno-miR-361-5p	0
bta-miR-361	0
mml-miR-361-5p	0
cfa-miR-361	0
eca-miR-361-5p	0
ssc-miR-361-5p	0
ppy-miR-361-5p	0
cgr-miR-361	0
ggo-miR-361	0
efu-miR-361	0
chi-miR-361-5p	0
tch-miR-361-5p	0
hsa-miR-3613-5p	0
hsa-miR-3613-3p	0
bta-miR-3613a	0
ssc-miR-3613	0
eca-miR-3613	0
bta-miR-3613b	0
hsa-miR-362-3p	0
mml-miR-362-3p	0
ptr-miR-362	0
bta-miR-362-3p	0
eca-miR-362-3p	0
ppy-miR-362-3p	0
ggo-miR-362	0
chi-miR-362-3p	0
hsa-miR-363-5p	0
rno-miR-363-5p	0
xtr-miR-363-5p	0
bta-miR-363	0
oan-miR-363-5p	0
mml-miR-363-5p	0
xla-miR-363	0
tgu-miR-363-5p	0
aca-miR-363-5p	0
chi-miR-363-5p	0
chi-miR-363-3p	0
oha-miR-363-5p	0
hsa-miR-365a-5p	0
hsa-miR-365a-3p	0
mmu-miR-365-1-5p	0
mmu-miR-365-3p	0
hsa-miR-365b-3p	0
cfa-miR-365	0
rno-miR-365-3p	0
dre-miR-365	0
fru-miR-365	0
tni-miR-365	0
gga-miR-365-1-5p	0
gga-miR-365-3p	0
xtr-miR-365	0
mdo-miR-365-5p	0
mdo-miR-365-3p	0
bta-miR-365-5p	0
bta-miR-365-3p	0
oan-miR-365-1-5p	0
oan-miR-365-3p	0
mml-miR-365-1-5p	0
mml-miR-365-3p	0
ptr-miR-365	0
eca-miR-365	0
ssc-miR-365-3p	0
tgu-miR-365-1-5p	0
tgu-miR-365-3p	0
ppy-miR-365	0
aca-miR-365-3p	0
cgr-miR-365-5p	0
cgr-miR-365-3p	0
ggo-miR-365a	0
ccr-miR-365	0
ssa-miR-365-3p	0
efu-miR-365	0
chi-miR-365-3p	0
tch-miR-365b-3p	0
tch-miR-365a-3p	0
oha-miR-365a-3p	0
hsa-miR-365a-3p	0
mmu-miR-365-3p	0
hsa-miR-365b-5p	0
hsa-miR-365b-3p	0
mmu-miR-365-2-5p	0
cfa-miR-365	0
rno-miR-365-5p	0
rno-miR-365-3p	0
dre-miR-365	0
fru-miR-365	0
tni-miR-365	0
gga-miR-365-3p	0
gga-miR-365-2-5p	0
xtr-miR-365	0
mdo-miR-365-3p	0
bta-miR-365-3p	0
oan-miR-365-3p	0
mml-miR-365-3p	0
mml-miR-365-2-5p	0
ptr-miR-365	0
eca-miR-365	0
ssc-miR-365-5p	0
ssc-miR-365-3p	0
tgu-miR-365-3p	0
tgu-miR-365-2-5p	0
ppy-miR-365	0
aca-miR-365-5p	0
aca-miR-365-3p	0
cgr-miR-365-3p	0
ggo-miR-365a	0
ccr-miR-365	0
oan-miR-365-2-5p	0
ssa-miR-365-3p	0
efu-miR-365	0
chi-miR-365-3p	0
tch-miR-365b-3p	0
tch-miR-365a-3p	0
oha-miR-365a-3p	0
oha-miR-365a-2-5p	0
bta-miR-3660	0
hsa-miR-367-5p	0
hsa-miR-367-3p	0
mmu-miR-367-3p	0
gga-miR-367	0
mdo-miR-367	0
mml-miR-367	0
ptr-miR-367	0
bta-miR-367	0
cfa-miR-367	0
eca-miR-367	0
ppy-miR-367	0
aca-miR-367	0
tgu-miR-367	0
ocu-miR-367-5p	0
ocu-miR-367-3p	0
hsa-miR-369-5p	0
hsa-miR-369-3p	0
mmu-miR-369-5p	0
mmu-miR-369-3p	0
rno-miR-369-5p	0
rno-miR-369-3p	0
bta-miR-369-5p	0
bta-miR-369-3p	0
mml-miR-369-5p	0
mml-miR-369-3p	0
ptr-miR-369	0
eca-miR-369-3p	0
ssc-miR-369	0
ppy-miR-369-5p	0
ppy-miR-369-3p	0
oar-miR-369-5p	0
oar-miR-369-3p	0
cgr-miR-369-5p	0
cgr-miR-369-3p	0
chi-miR-369-5p	0
chi-miR-369-3p	0
tch-miR-369-3p	0
hsa-miR-370-5p	0
hsa-miR-370-3p	0
mmu-miR-370-5p	0
mmu-miR-370-3p	0
rno-miR-370-5p	0
rno-miR-370-3p	0
mml-miR-370-5p	0
mml-miR-370-3p	0
ptr-miR-370	0
bta-miR-370	0
cfa-miR-370	0
eca-miR-370	0
ppy-miR-370	0
oar-miR-370-5p	0
oar-miR-370-3p	0
ggo-miR-370	0
ssc-miR-370	0
efu-miR-370	0
hsa-miR-371a-5p	0
mml-miR-371-5p	0
mml-miR-371-3p	0
bta-miR-371	0
eca-miR-371-5p	0
ppy-miR-371-5p	0
hsa-miR-374a-5p	0
bta-miR-374a	0
mml-miR-374a-5p	0
cfa-miR-374a	0
ptr-miR-374a	0
eca-miR-374a	0
ssc-miR-374a-5p	0
ssc-miR-374a-3p	0
ppy-miR-374a	0
oar-miR-374a	0
chi-miR-374a-5p	0
chi-miR-374a-3p	0
tch-miR-374a-5p	0
rno-miR-374-5p	0
mmu-miR-374b-5p	0
hsa-miR-374b-5p	0
mml-miR-374b-5p	0
cfa-miR-374b	0
ptr-miR-374b	0
bta-miR-374b	0
eca-miR-374b	0
ssc-miR-374b-5p	0
ssc-miR-374b-3p	0
mmu-miR-374c-5p	0
cgr-miR-374-5p	0
cgr-miR-374-3p	0
ggo-miR-374b	0
oar-miR-374b	0
chi-miR-374b-5p	0
chi-miR-374b-3p	0
tch-miR-374b-5p	0
mmu-miR-375-5p	0
rno-miR-375-5p	0
hsa-miR-376a-5p	0
hsa-miR-376a-3p	0
mmu-miR-376a-5p	0
rno-miR-376a-5p	0
mml-miR-376a-1-5p	0
mml-miR-376a-3p	0
cfa-miR-376a	0
ptr-miR-376a	0
bta-miR-376a	0
eca-miR-376a	0
ssc-miR-376a-5p	0
ssc-miR-376a-3p	0
ppy-miR-376a	0
oar-miR-376a-5p	0
oar-miR-376a-3p	0
ggo-miR-376a	0
chi-miR-376a	0
tch-miR-376a-3p	0
hsa-miR-376c-5p	0
hsa-miR-376b-3p	0
mmu-miR-376c-5p	0
rno-miR-376c-5p	0
mml-miR-376b-3p	0
mml-miR-376c-5p	0
ptr-miR-376b	0
cfa-miR-376b	0
cfa-miR-376c	0
bta-miR-376b	0
bta-miR-376c	0
eca-miR-376b	0
ppy-miR-376b	0
ssc-miR-376c	0
oar-miR-376e-5p	0
oar-miR-376b-5p	0
oar-miR-376b-3p	0
ggo-miR-376b	0
chi-miR-376b-5p	0
chi-miR-376b-3p	0
chi-miR-376c-5p	0
chi-miR-376e-5p	0
tch-miR-376b-3p	0
hsa-miR-376c-5p	0
hsa-miR-376c-3p	0
mmu-miR-376c-5p	0
rno-miR-376c-5p	0
mml-miR-376c-5p	0
mml-miR-376c-3p	0
ptr-miR-376c	0
cfa-miR-376c	0
bta-miR-376c	0
eca-miR-376c	0
ppy-miR-376c	0
ssc-miR-376c	0
oar-miR-376e-5p	0
oar-miR-376c-3p	0
oar-miR-376b-5p	0
ggo-miR-376c	0
chi-miR-376b-5p	0
chi-miR-376c-5p	0
chi-miR-376c-3p	0
chi-miR-376e-5p	0
tch-miR-376c-3p	0
bta-miR-376d	0
oar-miR-376d	0
chi-miR-376d	0
hsa-miR-376c-5p	0
mmu-miR-376c-5p	0
rno-miR-376c-5p	0
mml-miR-376c-5p	0
cfa-miR-376c	0
bta-miR-376c	0
ssc-miR-376c	0
oar-miR-376e-5p	0
oar-miR-376e-3p	0
oar-miR-376b-5p	0
bta-miR-376e	0
chi-miR-376b-5p	0
chi-miR-376c-5p	0
chi-miR-376e-5p	0
chi-miR-376e-3p	0
hsa-miR-377-5p	0
hsa-miR-377-3p	0
mmu-miR-377-5p	0
mmu-miR-377-3p	0
rno-miR-377-5p	0
rno-miR-377-3p	0
mml-miR-377-5p	0
mml-miR-377-3p	0
ptr-miR-377	0
bta-miR-377	0
cfa-miR-377	0
eca-miR-377	0
ppy-miR-377	0
cgr-miR-377-5p	0
cgr-miR-377-3p	0
ggo-miR-377	0
chi-miR-377	0
hsa-miR-378a-5p	0
mmu-miR-378a-5p	0
rno-miR-378a-5p	0
cgr-miR-378-5p	0
chi-miR-378-5p	0
bta-miR-378b	0
mmu-miR-378b	0
bta-miR-378d	0
hsa-miR-379-5p	0
hsa-miR-379-3p	0
mmu-miR-379-5p	0
mmu-miR-379-3p	0
rno-miR-379-5p	0
rno-miR-379-3p	0
mml-miR-379-5p	0
mml-miR-379-3p	0
cfa-miR-379	0
ptr-miR-379	0
bta-miR-379	0
eca-miR-379	0
ppy-miR-379	0
oar-miR-379-5p	0
oar-miR-379-3p	0
cgr-miR-379	0
ggo-miR-379	0
efu-miR-379	0
chi-miR-379-5p	0
chi-miR-379-3p	0
hsa-miR-380-5p	0
mmu-miR-380-5p	0
bta-miR-380-5p	0
bta-miR-380-3p	0
rno-miR-380-5p	0
mml-miR-380-5p	0
oar-miR-380-3p	0
chi-miR-380-3p	0
hsa-miR-381-5p	0
hsa-miR-381-3p	0
mmu-miR-381-5p	0
mmu-miR-381-3p	0
rno-miR-381-5p	0
rno-miR-381-3p	0
mml-miR-381-5p	0
mml-miR-381-3p	0
ptr-miR-381	0
bta-miR-381	0
cfa-miR-381	0
eca-miR-381	0
ppy-miR-381	0
ssc-miR-381	0
oar-miR-381-5p	0
oar-miR-381-3p	0
cgr-miR-381	0
ggo-miR-381	0
efu-miR-381	0
chi-miR-381	0
tch-miR-381-3p	0
hsa-miR-382-5p	0
mmu-miR-382-5p	0
rno-miR-382-5p	0
mml-miR-382-5p	0
ptr-miR-382	0
bta-miR-382	0
eca-miR-382	0
ssc-miR-382	0
oar-miR-382-5p	0
cgr-miR-382	0
chi-miR-382-5p	0
hsa-miR-383-5p	0
hsa-miR-383-3p	0
mmu-miR-383-3p	0
rno-miR-383-3p	0
gga-miR-383-5p	0
gga-miR-383-3p	0
xtr-miR-383	0
mdo-miR-383-5p	0
oan-miR-383-5p	0
mml-miR-383	0
cfa-miR-383	0
ptr-miR-383	0
bta-miR-383	0
eca-miR-383	0
tgu-miR-383-5p	0
tgu-miR-383-3p	0
ppy-miR-383	0
ssc-miR-383	0
aca-miR-383-5p	0
aca-miR-383-3p	0
sha-miR-383	0
ggo-miR-383	0
efu-miR-383	0
chi-miR-383	0
oha-miR-383-5p	0
oha-miR-383-3p	0
oar-miR-3956-3p	0
oar-miR-3957-3p	0
bta-miR-3957	0
mmu-miR-409-5p	0
hsa-miR-409-5p	0
rno-miR-409a-5p	0
mml-miR-409-5p	0
bta-miR-409a	0
eca-miR-409-5p	0
ppy-miR-409-5p	0
oar-miR-409-5p	0
cgr-miR-409-5p	0
ggo-miR-409	0
chi-miR-409-5p	0
rno-miR-409b	0
bta-miR-409b	0
mmu-miR-410-5p	0
mmu-miR-410-3p	0
hsa-miR-410-5p	0
hsa-miR-410-3p	0
rno-miR-410-5p	0
rno-miR-410-3p	0
mml-miR-410-5p	0
mml-miR-410-3p	0
cfa-miR-410	0
ptr-miR-410	0
bta-miR-410	0
eca-miR-410	0
ppy-miR-410	0
oar-miR-410-3p	0
cgr-miR-410-5p	0
cgr-miR-410-3p	0
ggo-miR-410	0
chi-miR-410-3p	0
mmu-miR-411-3p	0
hsa-miR-411-3p	0
rno-miR-411-3p	0
mml-miR-411-3p	0
ssc-miR-411	0
oar-miR-411a-3p	0
chi-miR-411a-3p	0
oar-miR-411b-5p	0
oar-miR-411b-3p	0
bta-miR-411b	0
chi-miR-411b-5p	0
chi-miR-411b-3p	0
oar-miR-3959-5p	0
oar-miR-3959-3p	0
bta-miR-411c-5p	0
bta-miR-411c-3p	0
eca-miR-3959	0
chi-miR-3959-5p	0
chi-miR-3959-3p	0
hsa-miR-412-5p	0
mml-miR-412-5p	0
bta-miR-412	0
oar-miR-412-3p	0
oar-miR-412-5p	0
cgr-miR-412-3p	0
efu-miR-412	0
chi-miR-412-5p	0
chi-miR-412-3p	0
rno-miR-421-5p	0
rno-miR-421-3p	0
hsa-miR-421	0
mmu-miR-421-5p	0
mmu-miR-421-3p	0
mml-miR-421	0
cfa-miR-421	0
ptr-miR-421	0
bta-miR-421	0
eca-miR-421	0
ppy-miR-421	0
ssc-miR-421-5p	0
ssc-miR-421-3p	0
ggo-miR-421	0
chi-miR-421-3p	0
hsa-miR-424-5p	0
hsa-miR-424-3p	0
mml-miR-424-5p	0
mml-miR-424-3p	0
cfa-miR-424	0
ptr-miR-424	0
bta-miR-424-5p	0
bta-miR-424-3p	0
eca-miR-424	0
ssc-miR-424-5p	0
ssc-miR-424-3p	0
ppy-miR-424	0
ggo-miR-424	0
efu-miR-424	0
chi-miR-424-5p	0
chi-miR-424-3p	0
tch-miR-424-5p	0
mmu-miR-425-3p	0
hsa-miR-425-3p	0
bta-miR-425-3p	0
ssc-miR-425-3p	0
cgr-miR-425-3p	0
chi-miR-425-3p	0
hsa-miR-4286	0
bta-miR-4286	0
hsa-miR-4286	0
bta-miR-4286	0
xla-miR-429	0
mmu-miR-429-3p	0
rno-miR-429	0
cfa-miR-429	0
dre-miR-429a	0
fru-miR-429	0
tni-miR-429	0
gga-miR-429-3p	0
xtr-miR-429	0
oan-miR-429-3p	0
mml-miR-429-5p	0
bta-miR-429	0
mdo-miR-429	0
eca-miR-429	0
ssc-miR-429	0
aca-miR-429-3p	0
cgr-miR-429	0
ccr-miR-429	0
ipu-miR-429a	0
ssa-miR-429-3p	0
efu-miR-429	0
chi-miR-429	0
oha-miR-429-3p	0
oar-miR-431	0
mmu-miR-431-5p	0
mmu-miR-431-3p	0
hsa-miR-431-5p	0
hsa-miR-431-3p	0
rno-miR-431	0
mml-miR-431	0
ptr-miR-431	0
bta-miR-431	0
eca-miR-431	0
ppy-miR-431	0
ggo-miR-431	0
oar-miR-432	0
hsa-miR-432-5p	0
hsa-miR-432-3p	0
mml-miR-432-5p	0
mml-miR-432-3p	0
ptr-miR-432	0
bta-miR-432	0
cfa-miR-432	0
eca-miR-432	0
ssc-miR-432-5p	0
ppy-miR-432	0
ggo-miR-432	0
chi-miR-432-5p	0
chi-miR-432-3p	0
tch-miR-432-5p	0
mmu-miR-433-3p	0
hsa-miR-433-3p	0
rno-miR-433-3p	0
mml-miR-433-3p	0
cfa-miR-433	0
ptr-miR-433	0
bta-miR-433	0
eca-miR-433	0
ppy-miR-433	0
oar-miR-433-5p	0
oar-miR-433-3p	0
ggo-miR-433	0
chi-miR-433	0
hsa-miR-4444	0
bta-miR-4444	0
bta-miR-4449	0
hsa-miR-448	0
mmu-miR-448-5p	0
mmu-miR-448-3p	0
rno-miR-448-5p	0
rno-miR-448-3p	0
cfa-miR-448	0
mml-miR-448	0
ptr-miR-448	0
bta-miR-448	0
eca-miR-448	0
ppy-miR-448	0
ggo-miR-448	0
hsa-miR-449b-5p	0
mml-miR-449b-5p	0
ptr-miR-449b	0
bta-miR-449b	0
ppy-miR-449b	0
chi-miR-449b-5p	0
chi-miR-449b-3p	0
bta-miR-449c	0
chi-miR-449c	0
bta-miR-449d	0
hsa-miR-450a-5p	0
mmu-miR-450a-5p	0
cfa-miR-450a	0
bta-miR-450a	0
mml-miR-450a-5p	0
ptr-miR-450a	0
ssc-miR-450a	0
eca-miR-450a	0
ppy-miR-450a	0
cgr-miR-450a	0
ggo-miR-450a	0
efu-miR-450	0
rno-miR-450b-5p	0
chi-miR-450-5p	0
tch-miR-450a-5p	0
hsa-miR-450a-5p	0
mmu-miR-450a-5p	0
cfa-miR-450a	0
bta-miR-450a	0
mml-miR-450a-5p	0
ptr-miR-450a	0
ssc-miR-450a	0
eca-miR-450a	0
ppy-miR-450a	0
cgr-miR-450a	0
ggo-miR-450a	0
efu-miR-450	0
rno-miR-450b-5p	0
chi-miR-450-5p	0
chi-miR-450-3p	0
tch-miR-450a-5p	0
eca-miR-450b-3p	0
ssc-miR-450b-3p	0
chi-miR-450-3p	0
chi-miR-451-3p	0
hsa-miR-452-5p	0
hsa-miR-452-3p	0
mmu-miR-452-5p	0
mml-miR-452-5p	0
mml-miR-452-3p	0
ptr-miR-452	0
bta-miR-452	0
cfa-miR-452	0
ppy-miR-452	0
ggo-miR-452	0
ssc-miR-452	0
efu-miR-452	0
rno-miR-452-5p	0
rno-miR-452-3p	0
hsa-miR-4523	0
bta-miR-4523	0
mml-miR-453	0
ptr-miR-453	0
bta-miR-453	0
hsa-miR-323b-5p	0
ppy-miR-453	0
mml-miR-323b-5p	0
dre-miR-454b	0
hsa-miR-454-3p	0
oan-miR-454-5p	0
oan-miR-454-3p	0
gga-miR-454-3p	0
mml-miR-454-3p	0
ptr-miR-454	0
bta-miR-454	0
cfa-miR-454	0
eca-miR-454	0
tgu-miR-454-3p	0
aca-miR-454-3p	0
sha-miR-454	0
ggo-miR-454	0
ppy-miR-454	0
ccr-miR-454b	0
ipu-miR-454b	0
chi-miR-454-5p	0
chi-miR-454-3p	0
dre-miR-455-3p	0
hsa-miR-455-5p	0
hsa-miR-455-3p	0
gga-miR-455-3p	0
mmu-miR-455-5p	0
bta-miR-455-5p	0
bta-miR-455-3p	0
rno-miR-455-5p	0
mml-miR-455-5p	0
mml-miR-455-3p	0
cfa-miR-455	0
ptr-miR-455	0
mdo-miR-455-3p	0
ssc-miR-455-5p	0
ssc-miR-455-3p	0
tgu-miR-455-3p	0
ppy-miR-455-5p	0
ppy-miR-455-3p	0
aca-miR-455-3p	0
ola-miR-455-3p	0
cgr-miR-455-5p	0
ggo-miR-455	0
ssa-miR-455-3p	0
efu-miR-455	0
chi-miR-455-5p	0
chi-miR-455-3p	0
tch-miR-455-3p	0
oha-miR-455-3p	0
hsa-miR-4657	0
bta-miR-4657	0
hsa-miR-4680-5p	0
hsa-miR-4680-3p	0
bta-miR-4680	0
hsa-miR-483-3p	0
bta-miR-483	0
chi-miR-483	0
hsa-miR-484	0
mmu-miR-484	0
bta-miR-484	0
rno-miR-484	0
mml-miR-484	0
ptr-miR-484	0
ppy-miR-484	0
cgr-miR-484	0
ggo-miR-484	0
hsa-miR-485-5p	0
hsa-miR-485-3p	0
mmu-miR-485-5p	0
mmu-miR-485-3p	0
rno-miR-485-5p	0
mml-miR-485-5p	0
mml-miR-485-3p	0
cfa-miR-485	0
ptr-miR-485	0
bta-miR-485	0
eca-miR-485-5p	0
eca-miR-485-3p	0
ppy-miR-485-5p	0
ppy-miR-485-3p	0
oar-miR-485-5p	0
oar-miR-485-3p	0
ggo-miR-485	0
efu-miR-485	0
chi-miR-485-5p	0
chi-miR-485-3p	0
hsa-miR-486-5p	0
mmu-miR-486a-5p	0
mml-miR-486-5p	0
cfa-miR-486	0
ptr-miR-486	0
bta-miR-486	0
eca-miR-486-5p	0
ssc-miR-486	0
mmu-miR-486b-5p	0
ppy-miR-486-5p	0
cgr-miR-486-5p	0
ggo-miR-486	0
rno-miR-486	0
hsa-miR-487a-5p	0
hsa-miR-487a-3p	0
bta-miR-487a	0
mml-miR-487a	0
ptr-miR-487a	0
cfa-miR-487a	0
eca-miR-487a	0
ppy-miR-487a	0
oar-miR-487a-3p	0
ggo-miR-487a	0
efu-miR-487	0
chi-miR-487a-3p	0
hsa-miR-487b-5p	0
hsa-miR-487b-3p	0
mmu-miR-487b-3p	0
rno-miR-487b-3p	0
bta-miR-487b	0
mml-miR-487b-5p	0
mml-miR-487b-3p	0
cfa-miR-487b	0
ptr-miR-487b	0
eca-miR-487b	0
ppy-miR-487b	0
ssc-miR-487b	0
oar-miR-487b-5p	0
oar-miR-487b-3p	0
ggo-miR-487b	0
chi-miR-487b-3p	0
hsa-miR-488-5p	0
mmu-miR-488-3p	0
rno-miR-488-5p	0
rno-miR-488-3p	0
mml-miR-488-5p	0
bta-miR-488	0
cfa-miR-488	0
ggo-miR-488	0
bta-miR-489	0
hsa-miR-490-5p	0
hsa-miR-490-3p	0
gga-miR-490-5p	0
gga-miR-490-3p	0
mmu-miR-490-5p	0
mmu-miR-490-3p	0
oan-miR-490-5p	0
oan-miR-490-3p	0
mml-miR-490-5p	0
mml-miR-490-3p	0
ptr-miR-490	0
bta-miR-490	0
cfa-miR-490	0
rno-miR-490-5p	0
rno-miR-490-3p	0
eca-miR-490-5p	0
eca-miR-490-3p	0
tgu-miR-490-5p	0
tgu-miR-490-3p	0
ppy-miR-490-5p	0
ppy-miR-490-3p	0
ssc-miR-490-3p	0
aca-miR-490-5p	0
aca-miR-490-3p	0
ggo-miR-490	0
ssc-miR-490	0
efu-miR-490	0
chi-miR-490	0
oha-miR-490-5p	0
oha-miR-490-3p	0
hsa-miR-491-5p	0
hsa-miR-491-3p	0
mmu-miR-491-5p	0
mmu-miR-491-3p	0
mml-miR-491-5p	0
mml-miR-491-3p	0
cfa-miR-491	0
ptr-miR-491	0
bta-miR-491	0
eca-miR-491-5p	0
eca-miR-491-3p	0
ppy-miR-491-5p	0
ppy-miR-491-3p	0
ssc-miR-491	0
ggo-miR-491	0
chi-miR-491-5p	0
chi-miR-491-3p	0
tch-miR-491-5p	0
hsa-miR-493-5p	0
hsa-miR-493-3p	0
rno-miR-493-5p	0
rno-miR-493-3p	0
mmu-miR-493-5p	0
mml-miR-493-5p	0
mml-miR-493-3p	0
cfa-miR-493	0
bta-miR-493	0
ppy-miR-493	0
oar-miR-493-5p	0
oar-miR-493-3p	0
ggo-miR-493	0
ssc-miR-493-5p	0
ssc-miR-493-3p	0
efu-miR-493	0
chi-miR-493-5p	0
chi-miR-493-3p	0
hsa-miR-494-3p	0
mmu-miR-494-3p	0
rno-miR-494-3p	0
mml-miR-494-3p	0
ptr-miR-494	0
bta-miR-494	0
cfa-miR-494	0
eca-miR-494	0
ppy-miR-494	0
oar-miR-494-5p	0
oar-miR-494-3p	0
ggo-miR-494	0
efu-miR-494	0
chi-miR-494	0
hsa-miR-496	0
mmu-miR-496a-3p	0
mml-miR-496	0
ptr-miR-496	0
bta-miR-496	0
cfa-miR-496	0
rno-miR-496-5p	0
rno-miR-496-3p	0
eca-miR-496	0
ppy-miR-496	0
oar-miR-496-5p	0
oar-miR-496-3p	0
cgr-miR-496	0
ggo-miR-496	0
chi-miR-496-5p	0
chi-miR-496-3p	0
hsa-miR-497-5p	0
hsa-miR-497-3p	0
rno-miR-497-5p	0
rno-miR-497-3p	0
mmu-miR-497a-5p	0
mmu-miR-497a-3p	0
bta-miR-497	0
mml-miR-497-5p	0
mml-miR-497-3p	0
cfa-miR-497	0
mdo-miR-497-5p	0
mdo-miR-497-3p	0
ptr-miR-497	0
eca-miR-497	0
ssc-miR-497	0
ppy-miR-497	0
sha-miR-497	0
cgr-miR-497-5p	0
cgr-miR-497-3p	0
ggo-miR-497	0
efu-miR-497	0
chi-miR-497-5p	0
tch-miR-497-5p	0
hsa-miR-499a-5p	0
hsa-miR-499a-3p	0
rno-miR-499-5p	0
rno-miR-499-3p	0
mmu-miR-499-5p	0
mmu-miR-499-3p	0
bta-miR-499	0
dre-miR-499-5p	0
mml-miR-499-5p	0
mml-miR-499-3p	0
cfa-miR-499	0
ptr-miR-499	0
mdo-miR-499-5p	0
eca-miR-499-5p	0
eca-miR-499-3p	0
ssc-miR-499-5p	0
ssc-miR-499-3p	0
ppy-miR-499-5p	0
ppy-miR-499-3p	0
aca-miR-499-5p	0
cgr-miR-499-5p	0
cgr-miR-499-3p	0
ggo-miR-499a	0
ccr-miR-499	0
ipu-miR-499	0
ssa-miR-499b-5p	0
efu-miR-499	0
chi-miR-499-5p	0
chi-miR-499-3p	0
tch-miR-499a-5p	0
hsa-miR-500a-5p	0
hsa-miR-500a-3p	0
mml-miR-500a-5p	0
mml-miR-500a-3p	0
cfa-miR-500	0
ptr-miR-500	0
bta-miR-500	0
eca-miR-500	0
ssc-miR-500	0
ppy-miR-500	0
hsa-miR-500b-5p	0
ggo-miR-502b	0
mml-miR-500b-5p	0
efu-miR-500	0
chi-miR-500-5p	0
chi-miR-500-3p	0
hsa-miR-502-3p	0
mml-miR-502-3p	0
cfa-miR-502	0
bta-miR-502a	0
eca-miR-502-3p	0
ppy-miR-501-3p	0
ppy-miR-502-3p	0
ggo-miR-502a	0
hsa-miR-502-3p	0
mml-miR-502-3p	0
cfa-miR-502	0
bta-miR-502a	0
eca-miR-502-3p	0
ppy-miR-501-3p	0
ppy-miR-502-3p	0
ggo-miR-502a	0
bta-miR-502b	0
chi-miR-502b-5p	0
chi-miR-502b-3p	0
mmu-miR-503-5p	0
rno-miR-503-5p	0
cfa-miR-503	0
ssc-miR-503	0
eca-miR-503	0
bta-miR-503-5p	0
bta-miR-503-3p	0
efu-miR-503	0
mml-miR-504-3p	0
bta-miR-504	0
rno-miR-504	0
chi-miR-504	0
hsa-miR-505-5p	0
hsa-miR-505-3p	0
rno-miR-505-5p	0
rno-miR-505-3p	0
mmu-miR-505-5p	0
mml-miR-505-5p	0
mml-miR-505-3p	0
ptr-miR-505	0
bta-miR-505	0
cfa-miR-505	0
eca-miR-505	0
ssc-miR-505	0
ppy-miR-505	0
cgr-miR-505-5p	0
cgr-miR-505-3p	0
ggo-miR-505	0
chi-miR-505-3p	0
tch-miR-505-3p	0
hsa-miR-532-3p	0
mmu-miR-532-3p	0
rno-miR-532-3p	0
mml-miR-532-3p	0
ptr-miR-532	0
eca-miR-532-3p	0
ssc-miR-532-3p	0
ppy-miR-532-3p	0
chi-miR-532-3p	0
hsa-miR-539-5p	0
hsa-miR-539-3p	0
mmu-miR-539-5p	0
rno-miR-539-5p	0
mml-miR-539	0
ptr-miR-539	0
bta-miR-539	0
cfa-miR-539	0
ppy-miR-539	0
oar-miR-539-5p	0
oar-miR-539-3p	0
tch-miR-539-3p	0
hsa-miR-541-5p	0
bta-miR-541	0
mml-miR-541-5p	0
oar-miR-541-5p	0
oar-miR-541-3p	0
mmu-miR-542-5p	0
mmu-miR-542-3p	0
rno-miR-542-5p	0
rno-miR-542-3p	0
hsa-miR-542-5p	0
hsa-miR-542-3p	0
mml-miR-542-5p	0
mml-miR-542-3p	0
cfa-miR-542	0
bta-miR-542-5p	0
eca-miR-542-5p	0
eca-miR-542-3p	0
ssc-miR-542-5p	0
ssc-miR-542-3p	0
ppy-miR-542-5p	0
ppy-miR-542-3p	0
cgr-miR-542-5p	0
cgr-miR-542-3p	0
ggo-miR-542	0
chi-miR-542-5p	0
chi-miR-542-3p	0
tch-miR-542-3p	0
mml-miR-543-5p	0
hsa-miR-544a	0
mml-miR-544	0
ptr-miR-544	0
bta-miR-544a	0
cfa-miR-544	0
eca-miR-544	0
ppy-miR-544	0
oar-miR-544-5p	0
oar-miR-544-3p	0
chi-miR-544-5p	0
bta-miR-544b	0
bta-miR-544b	0
bta-miR-545-5p	0
bta-miR-545-3p	0
cfa-miR-545	0
eca-miR-545	0
ssc-miR-545-5p	0
ssc-miR-545-3p	0
chi-miR-545-5p	0
chi-miR-545-3p	0
bta-miR-551a	0
hsa-miR-551b-5p	0
hsa-miR-551b-3p	0
mmu-miR-551b-3p	0
oan-miR-551-3p	0
gga-miR-551-3p	0
mml-miR-551b-5p	0
mml-miR-551b-3p	0
ptr-miR-551b	0
bta-miR-551b	0
cfa-miR-551b	0
mdo-miR-551b-3p	0
eca-miR-551b	0
tgu-miR-551-3p	0
ppy-miR-551b	0
aca-miR-551	0
ggo-miR-551b	0
oha-miR-551b-3p	0
bta-miR-562	0
hsa-miR-568	0
mmu-miR-568	0
mml-miR-568	0
ptr-miR-568	0
bta-miR-568	0
cfa-miR-568	0
rno-miR-568	0
eca-miR-568	0
ppy-miR-568	0
hsa-miR-574-5p	0
mmu-miR-574-5p	0
bta-miR-574	0
hsa-miR-582-5p	0
mml-miR-582-5p	0
ptr-miR-582	0
bta-miR-582	0
cfa-miR-582	0
rno-miR-582-5p	0
eca-miR-582-5p	0
ppy-miR-582-5p	0
ggo-miR-582	0
chi-miR-582-5p	0
bta-miR-584	0
bta-miR-584	0
bta-miR-584	0
bta-miR-584	0
bta-miR-584	0
bta-miR-584	0
bta-miR-584	0
bta-miR-584	0
hsa-miR-592	0
mmu-miR-592-5p	0
mmu-miR-592-3p	0
mml-miR-592-5p	0
mml-miR-592-3p	0
ptr-miR-592	0
bta-miR-592	0
cfa-miR-592	0
rno-miR-592	0
eca-miR-592	0
ppy-miR-592	0
ggo-miR-592	0
efu-miR-592	0
chi-miR-592	0
tch-miR-592	0
hsa-miR-599	0
mml-miR-599-5p	0
mml-miR-599-3p	0
ptr-miR-599	0
bta-miR-599	0
cfa-miR-599	0
mdo-miR-599-3p	0
mmu-miR-599	0
ppy-miR-599	0
bta-miR-6119-5p	0
bta-miR-6119-3p	0
bta-miR-6120-5p	0
bta-miR-6121-5p	0
bta-miR-6121-3p	0
bta-miR-6122-5p	0
bta-miR-6122-3p	0
bta-miR-6123	0
hsa-miR-615-5p	0
mmu-miR-615-5p	0
mml-miR-615-5p	0
bta-miR-615	0
rno-miR-615	0
eca-miR-615-5p	0
eca-miR-615-3p	0
ssc-miR-615	0
cgr-miR-615-5p	0
hsa-miR-628-5p	0
mml-miR-628-5p	0
bta-miR-628	0
cfa-miR-628	0
eca-miR-628a	0
ssc-miR-628	0
ppy-miR-628-5p	0
cgr-miR-628	0
ggo-miR-628	0
efu-miR-628	0
chi-miR-628-5p	0
tch-miR-628-5p	0
bta-miR-631	0
bta-miR-6516	0
cfa-miR-6516	0
bta-miR-6517	0
bta-miR-6518	0
bta-miR-6519	0
hsa-miR-652-5p	0
hsa-miR-652-3p	0
mmu-miR-652-3p	0
rno-miR-652-3p	0
mml-miR-652	0
cfa-miR-652	0
ptr-miR-652	0
eca-miR-652	0
ppy-miR-652	0
ssc-miR-652	0
cgr-miR-652-5p	0
cgr-miR-652-3p	0
ggo-miR-652	0
bta-miR-652	0
efu-miR-652	0
tch-miR-652-3p	0
bta-miR-6521	0
bta-miR-6523a	0
bta-miR-6523b	0
bta-miR-6525	0
bta-miR-6527	0
bta-miR-6528	0
mml-miR-6529-3p	0
cfa-miR-6529	0
eca-miR-6529	0
bta-miR-6529b	0
bta-miR-653	0
bta-miR-6530	0
bta-miR-6531	0
bta-miR-6532	0
bta-miR-6533	0
bta-miR-6534	0
bta-miR-6535	0
bta-miR-6536	0
bta-miR-6536	0
hsa-miR-654-3p	0
mmu-miR-654-3p	0
mml-miR-654-3p	0
ptr-miR-654	0
bta-miR-654	0
ppy-miR-654-3p	0
oar-miR-654-3p	0
hsa-miR-655-5p	0
bta-miR-655	0
oar-miR-655-5p	0
oar-miR-655-3p	0
chi-miR-655	0
hsa-miR-656-5p	0
hsa-miR-656-3p	0
mml-miR-656-3p	0
ptr-miR-656	0
bta-miR-656	0
eca-miR-656	0
ppy-miR-656	0
ggo-miR-656	0
chi-miR-656	0
tch-miR-656	0
bta-miR-658	0
bta-miR-664a	0
bta-miR-665	0
oar-miR-665-5p	0
oar-miR-665-3p	0
chi-miR-665	0
bta-miR-669	0
hsa-miR-670-3p	0
bta-miR-670	0
mml-miR-670-3p	0
hsa-miR-671-5p	0
hsa-miR-671-3p	0
mmu-miR-671-5p	0
mmu-miR-671-3p	0
rno-miR-671	0
mml-miR-671-5p	0
mml-miR-671-3p	0
ptr-miR-671	0
bta-miR-671	0
cfa-miR-671	0
eca-miR-671-5p	0
eca-miR-671-3p	0
ppy-miR-671-5p	0
ppy-miR-671-3p	0
cgr-miR-671-5p	0
cgr-miR-671-3p	0
ggo-miR-671	0
ssc-miR-671-5p	0
ssc-miR-671-3p	0
aja-miR-671	0
chi-miR-671-5p	0
chi-miR-671-3p	0
tch-miR-671-5p	0
bta-miR-677	0
hsa-miR-7-1-3p	0
rno-miR-7a-1-3p	0
mmu-miR-7a-1-3p	0
tgu-miR-7-1-3p	0
sha-miR-7	0
aja-miR-7	0
chi-miR-7-3p	0
mmu-miR-708-5p	0
hsa-miR-708-5p	0
rno-miR-708-5p	0
cfa-miR-708	0
ptr-miR-708	0
bta-miR-708	0
mml-miR-708-5p	0
eca-miR-708	0
ssc-miR-708-5p	0
ppy-miR-708	0
cgr-miR-708	0
chi-miR-708-5p	0
chi-miR-708-3p	0
tch-miR-708-5p	0
mmu-miR-744-5p	0
mmu-miR-744-3p	0
hsa-miR-744-5p	0
hsa-miR-744-3p	0
ptr-miR-744	0
bta-miR-744	0
ssc-miR-744	0
ppy-miR-744	0
cgr-miR-744-5p	0
cgr-miR-744-3p	0
hsa-miR-758-5p	0
hsa-miR-758-3p	0
mmu-miR-758-5p	0
mmu-miR-758-3p	0
rno-miR-758-5p	0
rno-miR-758-3p	0
mml-miR-758-5p	0
ptr-miR-758	0
bta-miR-758	0
cfa-miR-758	0
eca-miR-758	0
ssc-miR-758	0
ppy-miR-758	0
oar-miR-758-5p	0
oar-miR-758-3p	0
chi-miR-758	0
bta-miR-759	0
bta-miR-760-5p	0
hsa-miR-761	0
mmu-miR-761	0
bta-miR-761	0
cfa-miR-761	0
mml-miR-761	0
ptr-miR-761	0
rno-miR-761	0
eca-miR-761	0
bta-miR-763	0
eca-miR-763	0
bta-miR-764	0
bta-miR-769	0
bta-miR-7691	0
bta-miR-7857	0
bta-miR-7858	0
bta-miR-7860	0
bta-miR-7861	0
bta-miR-7862	0
bta-miR-7863	0
bta-miR-7864	0
bta-miR-7865	0
bta-miR-8550	0
mmu-miR-873a-5p	0
hsa-miR-873-5p	0
rno-miR-873-5p	0
oan-miR-873-5p	0
ptr-miR-873	0
bta-miR-873	0
eca-miR-873	0
ppy-miR-873	0
ggo-miR-873	0
mml-miR-873-5p	0
mdo-miR-873-5p	0
chi-miR-873-5p	0
chi-miR-873-3p	0
mmu-miR-874-5p	0
mmu-miR-874-3p	0
hsa-miR-874-5p	0
hsa-miR-874-3p	0
rno-miR-874-5p	0
rno-miR-874-3p	0
mml-miR-874-5p	0
mml-miR-874-3p	0
ptr-miR-874	0
bta-miR-874	0
cfa-miR-874	0
eca-miR-874	0
ppy-miR-874	0
cgr-miR-874	0
ggo-miR-874	0
ssc-miR-874	0
efu-miR-874	0
chi-miR-874-5p	0
chi-miR-874-3p	0
hsa-miR-875-5p	0
mmu-miR-875-5p	0
mml-miR-875-5p	0
mml-miR-875-3p	0
ptr-miR-875	0
bta-miR-875	0
cfa-miR-875	0
rno-miR-875	0
ppy-miR-875-5p	0
ppy-miR-875-3p	0
hsa-miR-876-5p	0
hsa-miR-876-3p	0
mml-miR-876-5p	0
mml-miR-876-3p	0
ptr-miR-876	0
bta-miR-876	0
cfa-miR-876	0
eca-miR-876-5p	0
eca-miR-876-3p	0
ppy-miR-876-5p	0
ppy-miR-876-3p	0
chi-miR-876-5p	0
chi-miR-876-3p	0
mmu-miR-877-5p	0
mmu-miR-877-3p	0
hsa-miR-877-5p	0
hsa-miR-877-3p	0
rno-miR-877	0
mml-miR-877-5p	0
mml-miR-877-3p	0
bta-miR-877	0
ppy-miR-877	0
ggo-miR-877	0
chi-miR-877-5p	0
chi-miR-877-3p	0
hsa-miR-885-5p	0
hsa-miR-885-3p	0
mml-miR-885-5p	0
mml-miR-885-3p	0
ptr-miR-885	0
bta-miR-885	0
cfa-miR-885	0
eca-miR-885-5p	0
eca-miR-885-3p	0
ssc-miR-885-5p	0
ssc-miR-885-3p	0
ppy-miR-885-5p	0
ppy-miR-885-3p	0
ggo-miR-885	0
tch-miR-885-3p	0
bta-miR-9-3p	0
bta-miR-9-3p	0
hsa-miR-92a-1-5p	0
oha-miR-92a-5p	0
dre-miR-92b-3p	0
hsa-miR-92b-5p	0
hsa-miR-92b-3p	0
xtr-miR-92b	0
mmu-miR-92b-3p	0
rno-miR-92b-5p	0
rno-miR-92b-3p	0
mml-miR-92b-5p	0
mml-miR-92b-3p	0
cfa-miR-92b	0
bta-miR-92b	0
eca-miR-92b	0
ssc-miR-92b-5p	0
ssc-miR-92b-3p	0
bma-miR-92	0
ppy-miR-92b	0
cgr-miR-92b-5p	0
cgr-miR-92b-3p	0
ptr-miR-92b	0
ccr-miR-92b	0
mdo-miR-92b-3p	0
ipu-miR-92b	0
ssa-miR-92b-3p	0
efu-miR-92b	0
chi-miR-93-3p	0
hsa-miR-935	0
ptr-miR-935	0
bta-miR-935	0
rno-miR-935	0
ssc-miR-935	0
mmu-miR-935	0
bta-miR-940	0
hsa-miR-96-5p	0
hsa-miR-96-3p	0
mmu-miR-96-5p	0
rno-miR-96-5p	0
rno-miR-96-3p	0
dre-miR-96-5p	0
mml-miR-96	0
ptr-miR-96	0
ggo-miR-96	0
sla-miR-96	0
mne-miR-96	0
ppa-miR-96	0
fru-miR-96	0
tni-miR-96	0
xtr-miR-96	0
mdo-miR-96	0
oan-miR-96-5p	0
bta-miR-96	0
bfl-miR-96-5p	0
cfa-miR-96	0
eca-miR-96	0
ppy-miR-96	0
ccr-miR-96	0
ipu-miR-96	0
bbe-miR-96-5p	0
ssa-miR-96-5p	0
chi-miR-96	0
oha-miR-96	0
ssc-miR-96-5p	0
hsa-miR-98-5p	0
hsa-miR-98-3p	0
mmu-miR-98-5p	0
rno-miR-98-5p	0
rno-miR-98-3p	0
mml-miR-98	0
ptr-miR-98	0
ggo-miR-98	0
ppy-miR-98	0
age-miR-98	0
ppa-miR-98	0
xtr-miR-98	0
bta-miR-98	0
oan-miR-98	0
cfa-miR-98	0
eca-miR-98	0
ssc-miR-98	0
aca-miR-98-5p	0
aca-miR-98-3p	0
cgr-miR-98	0
chi-miR-98-5p	0
chi-miR-98-3p	0
tch-miR-98-5p	0
oha-miR-98-5p	0
oha-miR-98-3p	0
hsa-miR-99a-3p	0
gga-miR-99a-3p	0
mml-miR-99a-3p	0
bta-miR-99a-3p	0
tgu-miR-99-3p	0
aca-miR-99a-3p	0
cgr-miR-99a-3p	0
chi-miR-99a-3p	0
mmu-miR-99b-3p	0
hsa-miR-99b-3p	0
rno-miR-99b-3p	0
mml-miR-99b-3p	0
chi-miR-99b-3p	0
