mature-seq	#miRNA	read_count	precursor	predicted_position	total	F01	F02	F03
aacccgtagatccgaacttgtg	bta-miR-100	2770	bta-mir-100	5p	2770	990	1081	699
aacccgtagatccgatcttgt	bta-miR-99a-5p	1482	bta-mir-99a	5p	1482	585	519	378
aggcagtgtagttagctgattg	bta-miR-34c	614	bta-mir-34c	5p	614	195	189	230
tagcttatcagactgatgttgact	bta-miR-21-5p	577	bta-mir-21	5p	577	172	222	183
tgaaaagttcgttcgggtttt	bta-miR-2284x	389	bta-mir-2284x	5p	389	137	114	138
tcagtgcactacagaactttgt	bta-miR-148a	339	bta-mir-148a	3p	339	164	115	60
tgaaaagttcgtttgggttttt	bta-miR-2285aj-5p	318	bta-mir-2285aj	5p	318	114	92	112
aatcactagttccactgccatc	chi-miR-34b-3p	272	bta-mir-34b	3p	272	79	120	73
tgaggtagtaggttgtatagtt	bta-let-7a-5p	239	bta-let-7a-1	5p	239	47	116	76
tggaagactagtgattttgttgtt	bta-miR-7	234	bta-mir-7-3	5p	234	102	77	55
caacggaatcccaaaagcagctg	bta-miR-191	230	bta-mir-191	5p	230	63	99	68
aggcagtgtaattagctgattg	bta-miR-34b	211	bta-mir-34b	5p	211	59	68	84
tgaggtagtagattgtatagtt	bta-let-7f	205	bta-let-7f-2	5p	205	39	100	66
tgtaaacatccccgactggaagct	bta-miR-30d	176	bta-mir-30d	5p	176	51	61	64
tgaggtagtaggttgtatggtt	bta-let-7c	174	bta-let-7c	5p	174	32	90	52
tgtaaacatcctcgactggaagct	bta-miR-30a-5p	157	bta-mir-30a	5p	157	50	43	64
tgaggtaggaggttgtatagt	bta-let-7e	148	bta-let-7e	5p	148	26	71	51
atgggtttgggctgggt	bta-chr28_3569_mt	145	bta-chr28_3569	5p	145	54	49	42
ttccctttgtcatcctatgcct	bta-miR-204	129	bta-mir-204	5p	129	21	72	36
atgggtttgggcagggt	bta-chr20_2402_mt	120	bta-chr20_2402	5p	120	45	41	34
ttttgttcgttcggctcgcgtga	bta-miR-375	112	bta-mir-375	3p	112	28	53	31
tgagaactgaattccataggttgt	bta-miR-146a	107	bta-mir-146a	5p	107	34	33	40
aatggatttttggagcagg	bta-miR-1246	106	bta-mir-1246	5p	106	40	29	37
tgagaactgaattccataggctgt	bta-miR-146b	104	bta-mir-146b	5p	104	31	32	41
tgaaaagttcgttcgagtttt	bta-miR-2285bo	104	bta-mir-2285bo	5p	104	44	32	28
