#miRNA	read_count	precursor
bta-let-7a-5p	193	bta-let-7a-1
bta-let-7a-3p	5	bta-let-7a-1
bta-let-7a-5p	192	bta-let-7a-2
bta-let-7a-5p	191	bta-let-7a-3
bta-let-7a-3p	5	bta-let-7a-3
bta-let-7b	9	bta-let-7b
bta-let-7c	9	bta-let-7c
bta-let-7d	4	bta-let-7d
bta-let-7e	6	bta-let-7e
bta-let-7f	43	bta-let-7f-1
bta-let-7f	46	bta-let-7f-2
bta-let-7g	86	bta-let-7g
bta-let-7i	37	bta-let-7i
bta-miR-1	3	bta-mir-1-1
bta-miR-1	3	bta-mir-1-2
bta-miR-100	2674	bta-mir-100
bta-miR-101	70	bta-mir-101-1
bta-miR-101	75	bta-mir-101-2
bta-miR-103	13	bta-mir-103-1
bta-miR-103	13	bta-mir-103-2
bta-miR-105a	0	bta-mir-105a
bta-miR-105b	0	bta-mir-105b
bta-miR-106a	0	bta-mir-106a
bta-miR-106b	2	bta-mir-106b
bta-miR-107	0	bta-mir-107
bta-miR-10a	30	bta-mir-10a
bta-miR-10b	31	bta-mir-10b
bta-miR-1179	0	bta-mir-1179
bta-miR-1185	0	bta-mir-1185
bta-miR-1193	0	bta-mir-1193
bta-miR-1197	0	bta-mir-1197
bta-miR-122	21	bta-mir-122
bta-miR-1224	0	bta-mir-1224
bta-miR-1225-3p	0	bta-mir-1225
bta-miR-1246	93	bta-mir-1246
bta-miR-1247-5p	0	bta-mir-1247
bta-miR-1247-3p	0	bta-mir-1247
bta-miR-1248	0	bta-mir-1248-1
bta-miR-1248	0	bta-mir-1248-2
bta-miR-1249	0	bta-mir-1249
bta-miR-124a	0	bta-mir-124a-1
bta-miR-124b	0	bta-mir-124a-1
bta-miR-124a	0	bta-mir-124a-2
bta-miR-124b	0	bta-mir-124a-2
bta-miR-124a	0	bta-mir-124b
bta-miR-124b	0	bta-mir-124b
bta-miR-1251	0	bta-mir-1251
bta-miR-1256	0	bta-mir-1256
bta-miR-125a	0	bta-mir-125a
bta-miR-125b	47	bta-mir-125b-1
bta-miR-125b	46	bta-mir-125b-2
bta-miR-126-5p	0	bta-mir-126
bta-miR-126-3p	0	bta-mir-126
bta-miR-1260b	0	bta-mir-1260b
bta-miR-127	0	bta-mir-127
bta-miR-1271	0	bta-mir-1271
bta-miR-1277	0	bta-mir-1277
bta-miR-128	41	bta-mir-128-1
bta-miR-128	14	bta-mir-128-2
bta-miR-1281	0	bta-mir-1281
bta-miR-1282	0	bta-mir-1282
bta-miR-1284	0	bta-mir-1284
bta-miR-1287	0	bta-mir-1287
bta-miR-129	0	bta-mir-129-1
bta-miR-129-5p	0	bta-mir-129-1
bta-miR-129	0	bta-mir-129-2
bta-miR-129-5p	0	bta-mir-129-2
bta-miR-129-3p	0	bta-mir-129-2
bta-miR-1291	0	bta-mir-1291
bta-miR-1296	0	bta-mir-1296
bta-miR-1298	0	bta-mir-1298
bta-miR-1301	0	bta-mir-1301
bta-miR-1306	1	bta-mir-1306
bta-miR-1307	0	bta-mir-1307
bta-miR-130a	0	bta-mir-130a
bta-miR-130b	0	bta-mir-130b
bta-miR-132	11	bta-mir-132
bta-miR-133a	0	bta-mir-133a-1
bta-miR-133a	0	bta-mir-133a-2
bta-miR-133b	0	bta-mir-133b
bta-miR-133c	0	bta-mir-133c
bta-miR-134	1	bta-mir-134
bta-miR-1343-5p	0	bta-mir-1343
bta-miR-1343-3p	0	bta-mir-1343
bta-miR-135a	2	bta-mir-135a-1
bta-miR-135a	2	bta-mir-135a-2
bta-miR-135b	0	bta-mir-135b
bta-miR-136	0	bta-mir-136
bta-miR-137	0	bta-mir-137
bta-miR-138	0	bta-mir-138-1
bta-miR-138	0	bta-mir-138-2
bta-miR-1388-5p	0	bta-mir-1388
bta-miR-1388-3p	0	bta-mir-1388
bta-miR-139	7	bta-mir-139
bta-miR-140	6	bta-mir-140
bta-miR-141	0	bta-mir-141
bta-miR-142-5p	0	bta-mir-142
bta-miR-142-3p	0	bta-mir-142
bta-miR-143	0	bta-mir-143
bta-miR-1434-5p	0	bta-mir-1434
bta-miR-1434-3p	0	bta-mir-1434
bta-miR-144	0	bta-mir-144
bta-miR-145	0	bta-mir-145
bta-miR-1468	0	bta-mir-1468
bta-miR-146a	53	bta-mir-146a
bta-miR-146b	61	bta-mir-146b
bta-miR-147	0	bta-mir-147
bta-miR-148a	338	bta-mir-148a
bta-miR-148b	17	bta-mir-148b
bta-miR-149-5p	0	bta-mir-149
bta-miR-149-3p	0	bta-mir-149
bta-miR-150	1	bta-mir-150
bta-miR-151-5p	2	bta-mir-151
bta-miR-151-3p	33	bta-mir-151
bta-miR-152	5	bta-mir-152
bta-miR-153	0	bta-mir-153-1
bta-miR-153	0	bta-mir-153-2
bta-miR-154a	0	bta-mir-154a
bta-miR-154b	0	bta-mir-154b
bta-miR-154c	0	bta-mir-154c
bta-miR-155	0	bta-mir-155
bta-miR-1584-5p	0	bta-mir-1584
bta-miR-1584-3p	0	bta-mir-1584
bta-miR-15a	0	bta-mir-15a
bta-miR-15b	5	bta-mir-15b
bta-miR-1603	0	bta-mir-1603
bta-miR-16a	16	bta-mir-16a
bta-miR-16b	26	bta-mir-16b
bta-miR-17-5p	8	bta-mir-17
bta-miR-17-3p	0	bta-mir-17
bta-miR-1721	0	bta-mir-1721
bta-miR-1777a	0	bta-mir-1777a
bta-miR-1777b	0	bta-mir-1777b
bta-miR-1814a	0	bta-mir-1814a
bta-miR-1814b	0	bta-mir-1814b
bta-miR-1814c	0	bta-mir-1814c
bta-miR-181a	1	bta-mir-181a-1
bta-miR-181a	1	bta-mir-181a-2
bta-miR-181b	0	bta-mir-181b-1
bta-miR-181b	0	bta-mir-181b-2
bta-miR-181c	0	bta-mir-181c
bta-miR-181d	1	bta-mir-181d
bta-miR-182	4	bta-mir-182
bta-miR-183	3	bta-mir-183
bta-miR-1835	0	bta-mir-1835
bta-miR-1839	16	bta-mir-1839
bta-miR-184	6	bta-mir-184
bta-miR-1842	0	bta-mir-1842
bta-miR-1843	0	bta-mir-1843
bta-miR-185	0	bta-mir-185
bta-miR-186	73	bta-mir-186
bta-miR-187	0	bta-mir-187
bta-miR-188	0	bta-mir-188
bta-miR-18a	0	bta-mir-18a
bta-miR-18b	0	bta-mir-18b
bta-miR-190a	0	bta-mir-190a
bta-miR-190b	6	bta-mir-190b
bta-miR-191	230	bta-mir-191
bta-miR-192	40	bta-mir-192
bta-miR-193a-5p	0	bta-mir-193a
bta-miR-193a-3p	0	bta-mir-193a
bta-miR-193a	0	bta-mir-193a-2
bta-miR-193b	0	bta-mir-193b
bta-miR-194	2	bta-mir-194-1
bta-miR-194	2	bta-mir-194-2
bta-miR-195	1	bta-mir-195
bta-miR-196a	1	bta-mir-196a-1
bta-miR-196a	1	bta-mir-196a-2
bta-miR-196b	0	bta-mir-196b
bta-miR-197	0	bta-mir-197
bta-miR-199a-5p	0	bta-mir-199a-1
bta-miR-199a-3p	0	bta-mir-199a-1
bta-miR-199c	0	bta-mir-199a-1
bta-miR-199a-5p	0	bta-mir-199a-2
bta-miR-199a-3p	0	bta-mir-199a-2
bta-miR-199c	0	bta-mir-199a-2
bta-miR-199a-3p	0	bta-mir-199b
bta-miR-199b	0	bta-mir-199b
bta-miR-199c	0	bta-mir-199b
bta-miR-199c	0	bta-mir-199c
bta-miR-19a	2	bta-mir-19a
bta-miR-19b	4	bta-mir-19b
bta-miR-19b	4	bta-mir-19b-2
bta-miR-200a	42	bta-mir-200a
bta-miR-200b	16	bta-mir-200b
bta-miR-200c	3	bta-mir-200c
bta-miR-202	1	bta-mir-202
bta-miR-204	128	bta-mir-204
bta-miR-205	0	bta-mir-205
bta-miR-206	0	bta-mir-206
bta-miR-208a	0	bta-mir-208a
bta-miR-208b	0	bta-mir-208b
bta-miR-20a	33	bta-mir-20a
bta-miR-20b	0	bta-mir-20b
bta-miR-21-5p	577	bta-mir-21
bta-miR-21-3p	0	bta-mir-21
bta-miR-210	0	bta-mir-210
bta-miR-211	12	bta-mir-211
bta-miR-212	2	bta-mir-212
bta-miR-214	0	bta-mir-214
bta-miR-215	0	bta-mir-215
bta-miR-216a	0	bta-mir-216a
bta-miR-216b	4	bta-mir-216b
bta-miR-217	0	bta-mir-217
bta-miR-218	0	bta-mir-218-1
bta-miR-218	0	bta-mir-218-2
bta-miR-219-5p	0	bta-mir-219-1
bta-miR-219-3p	0	bta-mir-219-1
bta-miR-219	0	bta-mir-219-2
bta-miR-22-5p	0	bta-mir-22
bta-miR-22-3p	60	bta-mir-22
bta-miR-221	0	bta-mir-221
bta-miR-222	0	bta-mir-222
bta-miR-223	0	bta-mir-223
bta-miR-224	0	bta-mir-224
bta-miR-2284a	1	bta-mir-2284a
bta-miR-2284aa	0	bta-mir-2284aa-1
bta-miR-2284aa	0	bta-mir-2284aa-2
bta-miR-2284aa	0	bta-mir-2284aa-3
bta-miR-2284aa	0	bta-mir-2284aa-4
bta-miR-2284ab	0	bta-mir-2284ab
bta-miR-2284ac	0	bta-mir-2284ac
bta-miR-2284b	0	bta-mir-2284b
bta-miR-2284c	0	bta-mir-2284c
bta-miR-2284d	0	bta-mir-2284d
bta-miR-2284e	0	bta-mir-2284e
bta-miR-2284f	0	bta-mir-2284f
bta-miR-2284e	0	bta-mir-2284f
bta-miR-2284g	0	bta-mir-2284g
bta-miR-2284h-5p	1	bta-mir-2284h
bta-miR-2284h-3p	0	bta-mir-2284h
bta-miR-2284i	0	bta-mir-2284i
bta-miR-2284j	2	bta-mir-2284j
bta-miR-2284k	1	bta-mir-2284k
bta-miR-2284l	0	bta-mir-2284l
bta-miR-2284m	3	bta-mir-2284m
bta-miR-2284n	0	bta-mir-2284n
bta-miR-2284o	0	bta-mir-2284o
bta-miR-2284p	0	bta-mir-2284p
bta-miR-2284q	0	bta-mir-2284q
bta-miR-2284r	0	bta-mir-2284r
bta-miR-2284s	0	bta-mir-2284s
bta-miR-2284t-5p	0	bta-mir-2284t
bta-miR-2284t-3p	0	bta-mir-2284t
bta-miR-2284u	0	bta-mir-2284u
bta-miR-2284v	0	bta-mir-2284v
bta-miR-2284w	0	bta-mir-2284w
bta-miR-2284x	388	bta-mir-2284x
bta-miR-2284y	388	bta-mir-2284x
bta-miR-2284y	13	bta-mir-2284y-1
bta-miR-2284y	14	bta-mir-2284y-2
bta-miR-2284y	13	bta-mir-2284y-3
bta-miR-2284h-5p	13	bta-mir-2284y-4
bta-miR-2284y	13	bta-mir-2284y-4
bta-miR-2284y	14	bta-mir-2284y-5
bta-miR-2284y	13	bta-mir-2284y-6
bta-miR-2284y	13	bta-mir-2284y-7
bta-miR-2284z	2	bta-mir-2284z-1
bta-miR-2284aa	2	bta-mir-2284z-1
bta-miR-2284z	2	bta-mir-2284z-2
bta-miR-2284aa	2	bta-mir-2284z-2
bta-miR-2284z	0	bta-mir-2284z-3
bta-miR-2284aa	0	bta-mir-2284z-3
bta-miR-2284z	2	bta-mir-2284z-4
bta-miR-2284aa	2	bta-mir-2284z-4
bta-miR-2284z	0	bta-mir-2284z-5
bta-miR-2284aa	0	bta-mir-2284z-5
bta-miR-2284z	0	bta-mir-2284z-6
bta-miR-2284aa	0	bta-mir-2284z-6
bta-miR-2284z	0	bta-mir-2284z-7
bta-miR-2284aa	0	bta-mir-2284z-7
bta-miR-2285a	0	bta-mir-2285a
bta-miR-2285aa	0	bta-mir-2285aa
bta-miR-2285ab	0	bta-mir-2285ab
bta-miR-2285ac	0	bta-mir-2285ac
bta-miR-2285ad	1	bta-mir-2285ad
bta-miR-2285ae	0	bta-mir-2285ae
bta-miR-2285af	0	bta-mir-2285af-1
bta-miR-2285af	0	bta-mir-2285af-2
bta-miR-2285b	6	bta-mir-2285b-1
bta-miR-2285b	6	bta-mir-2285b-2
bta-miR-2285c	0	bta-mir-2285c
bta-miR-2285d	0	bta-mir-2285d
bta-miR-2285e	1	bta-mir-2285e-1
bta-miR-2285e	2	bta-mir-2285e-2
bta-miR-2285f	4	bta-mir-2285f-1
bta-miR-2285f	4	bta-mir-2285f-2
bta-miR-2285g	0	bta-mir-2285g-1
bta-miR-2285g	0	bta-mir-2285g-2
bta-miR-2285g	0	bta-mir-2285g-3
bta-miR-2285h	0	bta-mir-2285h
bta-miR-2285i	0	bta-mir-2285i
bta-miR-2285j	0	bta-mir-2285j-1
bta-miR-2285j	0	bta-mir-2285j-2
bta-miR-2285k	0	bta-mir-2285k-1
bta-miR-2285k	0	bta-mir-2285k-2
bta-miR-2285k	0	bta-mir-2285k-3
bta-miR-2285k	0	bta-mir-2285k-4
bta-miR-2285k	0	bta-mir-2285k-5
bta-miR-2285l	0	bta-mir-2285l
bta-miR-2285m	1	bta-mir-2285m-1
bta-miR-2285m	0	bta-mir-2285m-2
bta-miR-2285m	1	bta-mir-2285m-3
bta-miR-2285m	1	bta-mir-2285m-4
bta-miR-2285m	0	bta-mir-2285m-5
bta-miR-2285n	0	bta-mir-2285n-1
bta-miR-2285n	0	bta-mir-2285n-2
bta-miR-2285n	0	bta-mir-2285n-3
bta-miR-2285n	0	bta-mir-2285n-4
bta-miR-2285n	0	bta-mir-2285n-5
bta-miR-2285n	0	bta-mir-2285n-6
bta-miR-2285n	1	bta-mir-2285n-7
bta-miR-2285o	0	bta-mir-2285o-1
bta-miR-2285o	0	bta-mir-2285o-2
bta-miR-2285o	0	bta-mir-2285o-3
bta-miR-2285u	0	bta-mir-2285o-3
bta-miR-2285o	0	bta-mir-2285o-4
bta-miR-2285o	0	bta-mir-2285o-5
bta-miR-2285p	0	bta-mir-2285p
bta-miR-2285q	1	bta-mir-2285q
bta-miR-2285r	0	bta-mir-2285r
bta-miR-2285s	0	bta-mir-2285s
bta-miR-2285t	0	bta-mir-2285t
bta-miR-2285u	0	bta-mir-2285u
bta-miR-2285v	2	bta-mir-2285v
bta-miR-2285w	0	bta-mir-2285w
bta-miR-2285x	0	bta-mir-2285x
bta-miR-2285y	0	bta-mir-2285y
bta-miR-2285f	2	bta-mir-2285z
bta-miR-2285z	0	bta-mir-2285z
bta-miR-2286	0	bta-mir-2286
bta-miR-2287	0	bta-mir-2287
bta-miR-2288	0	bta-mir-2288
bta-miR-2289	0	bta-mir-2289
bta-miR-2290	0	bta-mir-2290
bta-miR-2291	0	bta-mir-2291
bta-miR-2292	0	bta-mir-2292
bta-miR-2293	0	bta-mir-2293
bta-miR-2294	0	bta-mir-2294
bta-miR-2295	0	bta-mir-2295
bta-miR-2296	0	bta-mir-2296
bta-miR-2297	0	bta-mir-2297
bta-miR-2298	0	bta-mir-2298
bta-miR-2299-5p	0	bta-mir-2299
bta-miR-2299-3p	0	bta-mir-2299
bta-miR-2300a-5p	0	bta-mir-2300a
bta-miR-2300b-3p	0	bta-mir-2300b
bta-miR-2301	0	bta-mir-2301
bta-miR-2302	0	bta-mir-2302
bta-miR-2303	0	bta-mir-2303
bta-miR-2304	0	bta-mir-2304
bta-miR-2305	0	bta-mir-2305
bta-miR-2306	0	bta-mir-2306
bta-miR-2307	0	bta-mir-2307
bta-miR-2308	0	bta-mir-2308
bta-miR-2309	0	bta-mir-2309
bta-miR-2310	0	bta-mir-2310
bta-miR-2311	0	bta-mir-2311
bta-miR-2312	0	bta-mir-2312
bta-miR-2313-5p	0	bta-mir-2313
bta-miR-2313-3p	0	bta-mir-2313
bta-miR-2314	0	bta-mir-2314
bta-miR-2315	0	bta-mir-2315
bta-miR-2316	0	bta-mir-2316
bta-miR-2317	0	bta-mir-2317
bta-miR-2318	0	bta-mir-2318
bta-miR-2319a	0	bta-mir-2319a
bta-miR-2319b	0	bta-mir-2319a
bta-miR-2319b	0	bta-mir-2319b
bta-miR-2320-5p	0	bta-mir-2320
bta-miR-2320-3p	0	bta-mir-2320
bta-miR-2321	0	bta-mir-2321
bta-miR-2322-5p	0	bta-mir-2322
bta-miR-2322-3p	0	bta-mir-2322
bta-miR-2323	0	bta-mir-2323
bta-miR-2324	0	bta-mir-2324
bta-miR-2325a	0	bta-mir-2325a
bta-miR-2325b	0	bta-mir-2325b
bta-miR-2325c	0	bta-mir-2325c
bta-miR-2326	0	bta-mir-2326
bta-miR-2327	0	bta-mir-2327
bta-miR-2328-5p	0	bta-mir-2328
bta-miR-2328-3p	0	bta-mir-2328
bta-miR-2329-3p	0	bta-mir-2329-1
bta-miR-2329-5p	0	bta-mir-2329-1
bta-miR-2329-3p	0	bta-mir-2329-2
bta-miR-2329-5p	0	bta-mir-2329-2
bta-miR-2330-5p	0	bta-mir-2330
bta-miR-2330-3p	0	bta-mir-2330
bta-miR-2331-5p	0	bta-mir-2331
bta-miR-2331-3p	0	bta-mir-2331
bta-miR-2332	0	bta-mir-2332
bta-miR-2333	0	bta-mir-2333
bta-miR-2334	0	bta-mir-2334
bta-miR-2335	0	bta-mir-2335
bta-miR-2336	3	bta-mir-2336
bta-miR-2337	0	bta-mir-2337
bta-miR-2338	0	bta-mir-2338
bta-miR-2339	0	bta-mir-2339
bta-miR-2340	0	bta-mir-2340
bta-miR-2341	0	bta-mir-2341
bta-miR-2342	0	bta-mir-2342
bta-miR-2343	0	bta-mir-2343
bta-miR-2344	0	bta-mir-2344
bta-miR-2345	0	bta-mir-2345
bta-miR-2346	0	bta-mir-2346
bta-miR-2347	0	bta-mir-2347
bta-miR-2348	0	bta-mir-2348
bta-miR-2349	0	bta-mir-2349
bta-miR-2350	0	bta-mir-2350
bta-miR-2351	0	bta-mir-2351
bta-miR-2352	0	bta-mir-2352
bta-miR-2353	0	bta-mir-2353
bta-miR-2354	0	bta-mir-2354
bta-miR-2355-5p	0	bta-mir-2355
bta-miR-2355-3p	0	bta-mir-2355
bta-miR-2356	0	bta-mir-2356
bta-miR-2357	0	bta-mir-2357
bta-miR-2358	0	bta-mir-2358
bta-miR-2359	0	bta-mir-2359
bta-miR-2360	0	bta-mir-2360
bta-miR-2361	0	bta-mir-2361
bta-miR-2362	0	bta-mir-2362
bta-miR-2363	0	bta-mir-2363-1
bta-miR-2363	0	bta-mir-2363-2
bta-miR-2364	0	bta-mir-2364
bta-miR-2365	0	bta-mir-2365
bta-miR-2366	0	bta-mir-2366
bta-miR-2367-5p	0	bta-mir-2367
bta-miR-2367-3p	0	bta-mir-2367
bta-miR-2368-5p	0	bta-mir-2368
bta-miR-2368-3p	0	bta-mir-2368
bta-miR-2369	0	bta-mir-2369
bta-miR-2370-5p	0	bta-mir-2370
bta-miR-2370-3p	0	bta-mir-2370
bta-miR-2371	0	bta-mir-2371
bta-miR-2372	0	bta-mir-2372
bta-miR-2373-5p	0	bta-mir-2373
bta-miR-2373-3p	0	bta-mir-2373
bta-miR-2374	0	bta-mir-2374
bta-miR-2375	0	bta-mir-2375
bta-miR-2376	0	bta-mir-2376
bta-miR-2377	0	bta-mir-2377
bta-miR-2378	0	bta-mir-2378
bta-miR-2379	0	bta-mir-2379
bta-miR-2380	0	bta-mir-2380
bta-miR-2381	0	bta-mir-2381
bta-miR-2382-5p	0	bta-mir-2382
bta-miR-2382-3p	0	bta-mir-2382
bta-miR-2383	0	bta-mir-2383
bta-miR-2384	0	bta-mir-2384
bta-miR-2385-5p	0	bta-mir-2385
bta-miR-2385-3p	0	bta-mir-2385
bta-miR-2386	0	bta-mir-2386
bta-miR-2387	0	bta-mir-2387
bta-miR-2388-5p	0	bta-mir-2388
bta-miR-2388-3p	0	bta-mir-2388
bta-miR-2389	0	bta-mir-2389
bta-miR-2390	0	bta-mir-2390
bta-miR-2392	0	bta-mir-2392
bta-miR-2393	0	bta-mir-2393
bta-miR-2394	0	bta-mir-2394
bta-miR-2395	0	bta-mir-2395
bta-miR-2396	0	bta-mir-2396
bta-miR-2397-5p	0	bta-mir-2397
bta-miR-2397-3p	0	bta-mir-2397
bta-miR-2398	0	bta-mir-2398
bta-miR-2399-5p	0	bta-mir-2399
bta-miR-2399-3p	0	bta-mir-2399
bta-miR-23a	4	bta-mir-23a
bta-miR-23b-5p	0	bta-mir-23b
bta-miR-23b-3p	1	bta-mir-23b
bta-miR-24-3p	3	bta-mir-24-1
bta-miR-24	1	bta-mir-24-1
bta-miR-24-3p	3	bta-mir-24-2
bta-miR-2400	0	bta-mir-2400
bta-miR-2401	0	bta-mir-2401
bta-miR-2402	0	bta-mir-2402
bta-miR-2403	0	bta-mir-2403
bta-miR-2404	0	bta-mir-2404-1
bta-miR-2404	0	bta-mir-2404-2
bta-miR-2405	0	bta-mir-2405
bta-miR-2406	0	bta-mir-2406
bta-miR-2407	0	bta-mir-2407
bta-miR-2408	0	bta-mir-2408
bta-miR-2409	0	bta-mir-2409
bta-miR-2410	0	bta-mir-2410
bta-miR-2411-5p	0	bta-mir-2411
bta-miR-2411-3p	0	bta-mir-2411
bta-miR-2412	0	bta-mir-2412
bta-miR-2413	0	bta-mir-2413
bta-miR-2414	0	bta-mir-2414
bta-miR-2415-5p	0	bta-mir-2415
bta-miR-2415-3p	0	bta-mir-2415
bta-miR-2416	0	bta-mir-2416
bta-miR-2417	0	bta-mir-2417
bta-miR-2418	0	bta-mir-2418
bta-miR-2419-5p	0	bta-mir-2419
bta-miR-2419-3p	0	bta-mir-2419
bta-miR-2420	0	bta-mir-2420
bta-miR-2421	0	bta-mir-2421
bta-miR-2422	0	bta-mir-2422
bta-miR-2423	0	bta-mir-2423
bta-miR-2424	0	bta-mir-2424
bta-miR-2425-5p	0	bta-mir-2425
bta-miR-2425-3p	0	bta-mir-2425
bta-miR-2426	0	bta-mir-2426
bta-miR-2427	0	bta-mir-2427
bta-miR-2428	0	bta-mir-2428
bta-miR-2429	0	bta-mir-2429
bta-miR-2430	0	bta-mir-2430
bta-miR-2431-5p	0	bta-mir-2431
bta-miR-2431-3p	0	bta-mir-2431
bta-miR-2432	0	bta-mir-2432
bta-miR-2433	0	bta-mir-2433
bta-miR-2434	0	bta-mir-2434
bta-miR-2435	2	bta-mir-2435
bta-miR-2436-5p	0	bta-mir-2436
bta-miR-2436-3p	0	bta-mir-2436
bta-miR-2437	0	bta-mir-2437
bta-miR-2438	0	bta-mir-2438
bta-miR-2439-5p	0	bta-mir-2439
bta-miR-2439-3p	0	bta-mir-2439
bta-miR-2440	0	bta-mir-2440
bta-miR-2441	0	bta-mir-2441
bta-miR-2442	0	bta-mir-2442
bta-miR-2443	0	bta-mir-2443
bta-miR-2444	0	bta-mir-2444
bta-miR-2446	0	bta-mir-2446
bta-miR-2447	0	bta-mir-2447
bta-miR-2448-5p	0	bta-mir-2448
bta-miR-2448-3p	0	bta-mir-2448
bta-miR-2449	0	bta-mir-2449
bta-miR-2450a	0	bta-mir-2450a
bta-miR-2450b	0	bta-mir-2450b
bta-miR-2450c	0	bta-mir-2450c
bta-miR-2450d	0	bta-mir-2450d
bta-miR-2451	0	bta-mir-2451
bta-miR-2452	0	bta-mir-2452
bta-miR-2453	0	bta-mir-2453
bta-miR-2454-5p	0	bta-mir-2454
bta-miR-2454-3p	0	bta-mir-2454
bta-miR-2455	0	bta-mir-2455
bta-miR-2456	0	bta-mir-2456
bta-miR-2457	0	bta-mir-2457
bta-miR-2458	0	bta-mir-2458
bta-miR-2459	0	bta-mir-2459
bta-miR-2460	0	bta-mir-2460
bta-miR-2461-5p	0	bta-mir-2461
bta-miR-2461-3p	0	bta-mir-2461
bta-miR-2462	0	bta-mir-2462
bta-miR-2463	0	bta-mir-2463
bta-miR-2464-5p	0	bta-mir-2464
bta-miR-2464-3p	0	bta-mir-2464
bta-miR-2465	0	bta-mir-2465
bta-miR-2466-5p	0	bta-mir-2466
bta-miR-2466-3p	0	bta-mir-2466
bta-miR-2467-5p	0	bta-mir-2467
bta-miR-2467-3p	0	bta-mir-2467
bta-miR-2468	0	bta-mir-2468
bta-miR-2469	0	bta-mir-2469
bta-miR-2470	0	bta-mir-2470
bta-miR-2471-5p	0	bta-mir-2471
bta-miR-2471-3p	0	bta-mir-2471
bta-miR-2472	0	bta-mir-2472
bta-miR-2473	0	bta-mir-2473
bta-miR-2474	0	bta-mir-2474
bta-miR-2475	0	bta-mir-2475
bta-miR-2477	0	bta-mir-2477
bta-miR-2478	0	bta-mir-2478
bta-miR-2479	0	bta-mir-2479
bta-miR-2480	0	bta-mir-2480
bta-miR-2481	0	bta-mir-2481
bta-miR-2482	0	bta-mir-2482
bta-miR-2483-5p	1	bta-mir-2483
bta-miR-2483-3p	0	bta-mir-2483
bta-miR-2484	0	bta-mir-2484
bta-miR-2485	0	bta-mir-2485
bta-miR-2486-5p	0	bta-mir-2486
bta-miR-2486-3p	0	bta-mir-2486
bta-miR-2488	0	bta-mir-2488
bta-miR-2489	0	bta-mir-2489
bta-miR-25	56	bta-mir-25
bta-miR-26a	22	bta-mir-26a-1
bta-miR-26a	22	bta-mir-26a-2
bta-miR-26b	0	bta-mir-26b
bta-miR-26c	0	bta-mir-26c
bta-miR-27a-5p	0	bta-mir-27a
bta-miR-27a-3p	27	bta-mir-27a
bta-miR-27b	69	bta-mir-27b
bta-miR-28	0	bta-mir-28
bta-miR-2881	0	bta-mir-2881
bta-miR-2882	0	bta-mir-2882
bta-miR-2883	0	bta-mir-2883
bta-miR-2885	0	bta-mir-2885
bta-miR-2886	0	bta-mir-2886
bta-miR-2887	0	bta-mir-2887-1
bta-miR-2887	0	bta-mir-2887-2
bta-miR-2888	0	bta-mir-2888-1
bta-miR-2888	0	bta-mir-2888-2
bta-miR-2889	0	bta-mir-2889
bta-miR-2890	0	bta-mir-2890
bta-miR-2891	0	bta-mir-2891
bta-miR-2892	0	bta-mir-2892
bta-miR-2893	0	bta-mir-2893
bta-miR-2894	0	bta-mir-2894
bta-miR-2895	0	bta-mir-2895
bta-miR-2896	0	bta-mir-2896
bta-miR-2897	0	bta-mir-2897
bta-miR-2898	0	bta-mir-2898
bta-miR-2899	0	bta-mir-2899
bta-miR-2900	0	bta-mir-2900
bta-miR-2901	0	bta-mir-2901
bta-miR-2902	0	bta-mir-2902
bta-miR-2903	0	bta-mir-2903
bta-miR-2904	0	bta-mir-2904-1
bta-miR-2904	0	bta-mir-2904-2
bta-miR-2904	0	bta-mir-2904-3
bta-miR-2917	0	bta-mir-2917
bta-miR-2957	0	bta-mir-2957
bta-miR-296-5p	1	bta-mir-296
bta-miR-296-3p	0	bta-mir-296
bta-miR-299	0	bta-mir-299
bta-miR-29a	7	bta-mir-29a
bta-miR-29b	0	bta-mir-29b-1
bta-miR-29b	0	bta-mir-29b-2
bta-miR-29c	0	bta-mir-29c
bta-miR-29d-5p	1	bta-mir-29c
bta-miR-29d-5p	1	bta-mir-29d
bta-miR-29d-3p	1	bta-mir-29d
bta-miR-29e	0	bta-mir-29e
bta-miR-301a	0	bta-mir-301a
bta-miR-301b	0	bta-mir-301b
bta-miR-302a	0	bta-mir-302a
bta-miR-302d	0	bta-mir-302a
bta-miR-302d	0	bta-mir-302b
bta-miR-302b	0	bta-mir-302b
bta-miR-302c	0	bta-mir-302c
bta-miR-302d	0	bta-mir-302d
bta-miR-3064	0	bta-mir-3064
bta-miR-30a-5p	32	bta-mir-30a
bta-miR-30b-5p	20	bta-mir-30b
bta-miR-30b-3p	0	bta-mir-30b
bta-miR-30c	26	bta-mir-30c
bta-miR-30d	152	bta-mir-30d
bta-miR-30e-5p	41	bta-mir-30e
bta-miR-30f	0	bta-mir-30f
bta-miR-31	0	bta-mir-31
bta-miR-3120	0	bta-mir-3120
bta-miR-3141	0	bta-mir-3141
bta-miR-3154	0	bta-mir-3154
bta-miR-32	1	bta-mir-32
bta-miR-320a	4	bta-mir-320a-1
bta-miR-320a	4	bta-mir-320a-2
bta-miR-320b	0	bta-mir-320b
bta-miR-323	1	bta-mir-323
bta-miR-324	0	bta-mir-324
bta-miR-326	0	bta-mir-326
bta-miR-328	0	bta-mir-328
bta-miR-329a	0	bta-mir-329a
bta-miR-329b	0	bta-mir-329b
bta-miR-330	0	bta-mir-330
bta-miR-331-5p	1	bta-mir-331
bta-miR-331-3p	0	bta-mir-331
bta-miR-335	2	bta-mir-335
bta-miR-338	0	bta-mir-338
bta-miR-339a	1	bta-mir-339a
bta-miR-339b	1	bta-mir-339a
bta-miR-339b	0	bta-mir-339b
bta-miR-33a	0	bta-mir-33a
bta-miR-33b	0	bta-mir-33b
bta-miR-340	3	bta-mir-340
bta-miR-342	5	bta-mir-342
bta-miR-3431	2	bta-mir-3431
bta-miR-3432a	48	bta-mir-3432a-1
bta-miR-3432a	49	bta-mir-3432a-2
bta-miR-3432b	1	bta-mir-3432b
bta-miR-345-5p	0	bta-mir-345
bta-miR-345-3p	0	bta-mir-345
bta-miR-346	0	bta-mir-346
bta-miR-34a	0	bta-mir-34a
bta-miR-34b	56	bta-mir-34b
bta-miR-34c	614	bta-mir-34c
bta-miR-3533	0	bta-mir-3533
bta-miR-3578	0	bta-mir-3578
bta-miR-3596	0	bta-mir-3596
bta-miR-3600	0	bta-mir-3600
bta-miR-3601	0	bta-mir-3601
bta-miR-3602	0	bta-mir-3602
bta-miR-3604	0	bta-mir-3604-1
bta-miR-3604	0	bta-mir-3604-2
bta-miR-361	0	bta-mir-361
bta-miR-3613a	0	bta-mir-3613a
bta-miR-3613b	0	bta-mir-3613b
bta-miR-362-5p	1	bta-mir-362
bta-miR-362-3p	0	bta-mir-362
bta-miR-363	0	bta-mir-363
bta-miR-365-5p	0	bta-mir-365-1
bta-miR-365-3p	0	bta-mir-365-1
bta-miR-365-3p	0	bta-mir-365-2
bta-miR-3660	0	bta-mir-3660
bta-miR-367	0	bta-mir-367
bta-miR-369-5p	0	bta-mir-369
bta-miR-369-3p	0	bta-mir-369
bta-miR-370	0	bta-mir-370
bta-miR-371	0	bta-mir-371
bta-miR-374a	0	bta-mir-374a
bta-miR-374b	0	bta-mir-374b
bta-miR-375	112	bta-mir-375
bta-miR-376a	0	bta-mir-376a
bta-miR-376b	0	bta-mir-376b
bta-miR-376c	0	bta-mir-376b
bta-miR-376c	0	bta-mir-376c
bta-miR-376d	0	bta-mir-376d
bta-miR-376c	0	bta-mir-376e
bta-miR-376e	0	bta-mir-376e
bta-miR-377	0	bta-mir-377
bta-miR-378	3	bta-mir-378-1
bta-miR-378	3	bta-mir-378-2
bta-miR-378b	0	bta-mir-378b
bta-miR-378c	1	bta-mir-378c
bta-miR-378d	0	bta-mir-378d
bta-miR-379	0	bta-mir-379
bta-miR-380-5p	0	bta-mir-380
bta-miR-380-3p	0	bta-mir-380
bta-miR-381	0	bta-mir-381
bta-miR-382	0	bta-mir-382
bta-miR-383	0	bta-mir-383
bta-miR-3956	1	bta-mir-3956
bta-miR-3957	0	bta-mir-3957
bta-miR-409a	0	bta-mir-409a
bta-miR-409b	0	bta-mir-409b
bta-miR-410	0	bta-mir-410
bta-miR-411a	1	bta-mir-411a
bta-miR-411b	0	bta-mir-411b
bta-miR-411c-5p	0	bta-mir-411c
bta-miR-411c-3p	0	bta-mir-411c
bta-miR-412	0	bta-mir-412
bta-miR-421	0	bta-mir-421
bta-miR-423-5p	4	bta-mir-423
bta-miR-423-3p	1	bta-mir-423
bta-miR-424-5p	0	bta-mir-424
bta-miR-424-3p	0	bta-mir-424
bta-miR-425-5p	74	bta-mir-425
bta-miR-425-3p	0	bta-mir-425
bta-miR-4286	0	bta-mir-4286-1
bta-miR-4286	0	bta-mir-4286-2
bta-miR-429	0	bta-mir-429
bta-miR-431	0	bta-mir-431
bta-miR-432	0	bta-mir-432
bta-miR-433	0	bta-mir-433
bta-miR-4444	0	bta-mir-4444
bta-miR-4449	0	bta-mir-4449
bta-miR-448	0	bta-mir-448
bta-miR-449a	29	bta-mir-449a
bta-miR-449b	0	bta-mir-449b
bta-miR-449c	0	bta-mir-449c
bta-miR-449d	0	bta-mir-449d
bta-miR-450a	0	bta-mir-450a-1
bta-miR-450a	0	bta-mir-450a-2
bta-miR-450b	1	bta-mir-450b
bta-miR-451	1	bta-mir-451
bta-miR-452	0	bta-mir-452
bta-miR-4523	0	bta-mir-4523
bta-miR-453	0	bta-mir-453
bta-miR-454	0	bta-mir-454
bta-miR-455-5p	0	bta-mir-455
bta-miR-455-3p	0	bta-mir-455
bta-miR-4657	0	bta-mir-4657
bta-miR-4680	0	bta-mir-4680
bta-miR-483	0	bta-mir-483
bta-miR-484	0	bta-mir-484
bta-miR-485	0	bta-mir-485
bta-miR-486	0	bta-mir-486
bta-miR-487a	0	bta-mir-487a
bta-miR-487b	0	bta-mir-487b
bta-miR-488	0	bta-mir-488
bta-miR-489	0	bta-mir-489
bta-miR-490	0	bta-mir-490
bta-miR-491	0	bta-mir-491
bta-miR-493	0	bta-mir-493
bta-miR-494	0	bta-mir-494
bta-miR-495	6	bta-mir-495
bta-miR-496	0	bta-mir-496
bta-miR-497	0	bta-mir-497
bta-miR-499	0	bta-mir-499
bta-miR-500	0	bta-mir-500
bta-miR-502a	0	bta-mir-502a-1
bta-miR-502a	0	bta-mir-502a-2
bta-miR-502b	0	bta-mir-502b
bta-miR-503-5p	0	bta-mir-503
bta-miR-503-3p	0	bta-mir-503
bta-miR-504	0	bta-mir-504
bta-miR-505	0	bta-mir-505
bta-miR-532	1	bta-mir-532
bta-miR-539	0	bta-mir-539
bta-miR-541	0	bta-mir-541
bta-miR-542-5p	0	bta-mir-542
bta-miR-543	7	bta-mir-543
bta-miR-544a	0	bta-mir-544a
bta-miR-544b	0	bta-mir-544b-1
bta-miR-544b	0	bta-mir-544b-2
bta-miR-545-5p	0	bta-mir-545
bta-miR-545-3p	0	bta-mir-545
bta-miR-551a	0	bta-mir-551a
bta-miR-551b	0	bta-mir-551b
bta-miR-562	0	bta-mir-562
bta-miR-568	0	bta-mir-568
bta-miR-574	0	bta-mir-574
bta-miR-582	0	bta-mir-582
bta-miR-584	0	bta-mir-584-1
bta-miR-584	0	bta-mir-584-2
bta-miR-584	0	bta-mir-584-3
bta-miR-584	0	bta-mir-584-4
bta-miR-584	0	bta-mir-584-5
bta-miR-584	0	bta-mir-584-6
bta-miR-584	0	bta-mir-584-7
bta-miR-584	0	bta-mir-584-8
bta-miR-592	0	bta-mir-592
bta-miR-599	0	bta-mir-599
bta-miR-6119-5p	0	bta-mir-6119
bta-miR-6119-3p	0	bta-mir-6119
bta-miR-6120-5p	0	bta-mir-6120
bta-miR-6120-3p	6	bta-mir-6120
bta-miR-6121-5p	0	bta-mir-6121
bta-miR-6121-3p	0	bta-mir-6121
bta-miR-6122-5p	0	bta-mir-6122
bta-miR-6122-3p	0	bta-mir-6122
bta-miR-6123	0	bta-mir-6123
bta-miR-615	0	bta-mir-615
bta-miR-628	0	bta-mir-628
bta-miR-631	0	bta-mir-631
bta-miR-6516	0	bta-mir-6516
bta-miR-6517	0	bta-mir-6517
bta-miR-6518	0	bta-mir-6518
bta-miR-6519	0	bta-mir-6519
bta-miR-652	0	bta-mir-652
bta-miR-6520	1	bta-mir-6520
bta-miR-6521	0	bta-mir-6521
bta-miR-6522	1	bta-mir-6522
bta-miR-6523a	0	bta-mir-6523a
bta-miR-6523b	0	bta-mir-6523b
bta-miR-6524	1	bta-mir-6524
bta-miR-6525	0	bta-mir-6525
bta-miR-6526	4	bta-mir-6526-1
bta-miR-6526	4	bta-mir-6526-2
bta-miR-6526	4	bta-mir-6526-3
bta-miR-6527	0	bta-mir-6527
bta-miR-6528	0	bta-mir-6528
bta-miR-6529a	10	bta-mir-6529a
bta-miR-6529b	0	bta-mir-6529b
bta-miR-653	0	bta-mir-653
bta-miR-6530	0	bta-mir-6530
bta-miR-6531	0	bta-mir-6531
bta-miR-6532	0	bta-mir-6532
bta-miR-6533	0	bta-mir-6533
bta-miR-6534	0	bta-mir-6534
bta-miR-6535	0	bta-mir-6535
bta-miR-6536	0	bta-mir-6536-1
bta-miR-6536	0	bta-mir-6536-2
bta-miR-654	0	bta-mir-654
bta-miR-655	0	bta-mir-655
bta-miR-656	0	bta-mir-656
bta-miR-658	0	bta-mir-658
bta-miR-660	8	bta-mir-660
bta-miR-664a	0	bta-mir-664a
bta-miR-664b	2	bta-mir-664b
bta-miR-665	0	bta-mir-665
bta-miR-669	0	bta-mir-669
bta-miR-670	0	bta-mir-670
bta-miR-671	0	bta-mir-671
bta-miR-677	0	bta-mir-677
bta-miR-7	227	bta-mir-7-1
bta-miR-7	234	bta-mir-7-2
bta-miR-7	227	bta-mir-7-3
bta-miR-708	0	bta-mir-708
bta-miR-744	0	bta-mir-744
bta-miR-758	0	bta-mir-758
bta-miR-759	0	bta-mir-759
bta-miR-760-5p	0	bta-mir-760
bta-miR-760-3p	2	bta-mir-760
bta-miR-761	0	bta-mir-761
bta-miR-763	0	bta-mir-763
bta-miR-764	0	bta-mir-764
bta-miR-767	1	bta-mir-767
bta-miR-769	0	bta-mir-769
bta-miR-7691	0	bta-mir-7691
bta-miR-7857	0	bta-mir-7857
bta-miR-7858	0	bta-mir-7858
bta-miR-7859	3	bta-mir-7859
bta-miR-7860	0	bta-mir-7860
bta-miR-7861	0	bta-mir-7861
bta-miR-7862	0	bta-mir-7862
bta-miR-7863	0	bta-mir-7863
bta-miR-7864	0	bta-mir-7864
bta-miR-7865	0	bta-mir-7865
bta-miR-8550	0	bta-mir-8550
bta-miR-873	0	bta-mir-873
bta-miR-874	0	bta-mir-874
bta-miR-875	0	bta-mir-875
bta-miR-876	0	bta-mir-876
bta-miR-877	0	bta-mir-877
bta-miR-885	0	bta-mir-885
bta-miR-9-5p	18	bta-mir-9-1
bta-miR-9-3p	0	bta-mir-9-1
bta-miR-9-5p	18	bta-mir-9-2
bta-miR-9-3p	0	bta-mir-9-2
bta-miR-92a	1	bta-mir-92a-1
bta-miR-92a	1	bta-mir-92a-2
bta-miR-92b	0	bta-mir-92b
bta-miR-93	32	bta-mir-93
bta-miR-935	0	bta-mir-935
bta-miR-940	0	bta-mir-940
bta-miR-95	4	bta-mir-95
bta-miR-96	0	bta-mir-96
bta-miR-98	0	bta-mir-98
bta-miR-99a-5p	160	bta-mir-99a
bta-miR-99a-3p	0	bta-mir-99a
bta-miR-99b	3	bta-mir-99b
