#miRNA	read_count	precursor	predicted_position	total	F01	F02	F03	F01(norm)	F02(norm)	F03(norm)	mature_seq
bta-miR-204	128,00	bta-mir-204	5p	128,00	20,00	72,00	36,00	199,23	605,12	418,18	ttccctttgtcatcctatgcct
bta-miR-125b	46,00	bta-mir-125b-2	5p	46,00	9,00	22,00	15,00	89,66	184,90	174,24	tccctgagaccctaacttgtga
bta-miR-148a	338,00	bta-mir-148a	3p	338,00	164,00	115,00	59,00	1633,73	966,51	685,35	tcagtgcactacagaactttgt
bta-miR-2284y	13,00	bta-mir-2284y-7	5p	13,00	2,00	7,00	4,00	19,92	58,83	46,46	aaaagttcgttcgggtttttc
bta-miR-10a	30,00	bta-mir-10a	5p	30,00	20,00	6,00	4,00	199,23	50,43	46,46	taccctgtagatccgaatttgtg
bta-miR-34b	56,00	bta-mir-34b	5p	56,00	21,00	15,00	20,00	209,20	126,07	232,32	aggcagtgtaattagctgattg
chi-miR-34b-3p	271,00	bta-mir-34b	3p	271,00	79,00	120,00	72,00	786,98	1008,53	836,35	aatcactagttccactgccatc
bta-miR-2284x	388,00	bta-mir-2284x	5p	388,00	137,00	114,00	137,00	1364,76	958,10	1591,39	tgaaaagttcgttcgggtttt
bta-miR-2284y	14,00	bta-mir-2284y-5	5p	14,00	2,00	8,00	4,00	19,92	67,24	46,46	aaaagttcgttcgggtttttc
bta-miR-21-5p	577,00	bta-mir-21	5p	577,00	172,00	222,00	183,00	1713,42	1865,78	2125,73	tagcttatcagactgatgttgact
bta-miR-9-5p	18,00	bta-mir-9-1	5p	18,00	4,00	8,00	6,00	39,85	67,24	69,70	tctttggttatctagctgtatg
bta-miR-7	227,00	bta-mir-7-1	5p	227,00	99,00	76,00	52,00	986,21	638,74	604,03	tggaagactagtgattttgttgtt
bta-miR-30e-5p	41,00	bta-mir-30e	5p	41,00	10,00	12,00	19,00	99,62	100,85	220,70	tgtaaacatccttgactggaagct
bta-miR-146a	53,00	bta-mir-146a	5p	53,00	17,00	13,00	23,00	169,35	109,26	267,17	tgagaactgaattccataggttgt
bta-miR-20a	33,00	bta-mir-20a	5p	33,00	5,00	14,00	14,00	49,81	117,66	162,62	taaagtgcttatagtgcaggtag
bta-miR-2284y	13,00	bta-mir-2284y-6	5p	13,00	2,00	7,00	4,00	19,92	58,83	46,46	aaaagttcgttcgggtttttc
bta-miR-26a	22,00	bta-mir-26a-1	5p	22,00	5,00	7,00	10,00	49,81	58,83	116,16	ttcaagtaatccaggataggct
bta-let-7i	37,00	bta-let-7i	5p	37,00	17,00	12,00	8,00	169,35	100,85	92,93	tgaggtagtagtttgtgctgtt
bta-let-7a-5p	193,00	bta-let-7a-1	5p	193,00	35,00	93,00	65,00	348,66	781,61	755,04	tgaggtagtaggttgtatagtt
bta-miR-22-3p	60,00	bta-mir-22	3p	60,00	16,00	21,00	23,00	159,39	176,49	267,17	aagctgccagttgaagaactg
bta-miR-30c	26,00	bta-mir-30c	5p	26,00	8,00	12,00	6,00	79,69	100,85	69,70	tgtaaacatcctacactctcagc
bta-miR-103	13,00	bta-mir-103-2	3p	13,00	4,00	3,00	6,00	39,85	25,21	69,70	agcagcattgtacagggctatga
bta-miR-200a	42,00	bta-mir-200a	3p	42,00	14,00	11,00	17,00	139,46	92,45	197,47	taacactgtctggtaacgatgtt
mmu-miR-200a-5p	18,00	bta-mir-200a	5p	18,00	6,00	8,00	4,00	59,77	67,24	46,46	catcttaccggacagtgctgga
bta-miR-192	40,00	bta-mir-192	5p	40,00	11,00	18,00	11,00	109,58	151,28	127,78	ctgacctatgaattgacagccag
bta-miR-191	230,00	bta-mir-191	5p	230,00	63,00	99,00	68,00	627,59	832,04	789,89	caacggaatcccaaaagcagctg
bta-miR-128	41,00	bta-mir-128-1	3p	41,00	12,00	15,00	14,00	119,54	126,07	162,62	tcacagtgaaccggtctcttt
bta-let-7f	46,00	bta-let-7f-2	5p	46,00	12,00	19,00	15,00	119,54	159,68	174,24	tgaggtagtagattgtatagtt
bta-miR-449a	29,00	bta-mir-449a	5p	29,00	7,00	10,00	12,00	69,73	84,04	139,39	tggcagtgtattgttagctggt
bta-miR-30d	152,00	bta-mir-30d	5p	152,00	41,00	57,00	54,00	408,43	479,05	627,27	tgtaaacatccccgactggaagct
bta-miR-30b-5p	20,00	bta-mir-30b	5p	20,00	5,00	14,00	1,00	49,81	117,66	11,62	tgtaaacatcctacactcagct
bta-miR-186	73,00	bta-mir-186	5p	73,00	16,00	26,00	31,00	159,39	218,51	360,10	caaagaattctccttttgggct
bta-miR-99a-5p	160,00	bta-mir-99a	5p	160,00	49,00	55,00	56,00	488,13	462,24	650,50	aacccgtagatccgatcttgt
bta-miR-101	70,00	bta-mir-101-1	3p	70,00	17,00	24,00	29,00	169,35	201,71	336,86	tacagtactgtgataactgaa
bta-miR-1839	16,00	bta-mir-1839	5p	16,00	6,00	5,00	5,00	59,77	42,02	58,08	aaggtagatagaacaggtcttgtt
mmu-miR-106b-3p	24,00	bta-mir-106b	3p	24,00	7,00	9,00	8,00	69,73	75,64	92,93	ccgcactgtgggtacttgctgc
bta-miR-1246	93,00	bta-mir-1246	5p	93,00	35,00	26,00	32,00	348,66	218,51	371,71	aatggatttttggagcagg
bta-miR-128	14,00	bta-mir-128-2	3p	14,00	5,00	4,00	5,00	49,81	33,62	58,08	tcacagtgaaccggtctcttt
bta-miR-425-5p	74,00	bta-mir-425	5p	74,00	21,00	28,00	25,00	209,20	235,32	290,40	atgacacgatcactcccgttga
bta-miR-211	12,00	bta-mir-211	5p	12,00	2,00	5,00	5,00	19,92	42,02	58,08	ttccctttgtcatcctttgcc
bta-miR-16b	26,00	bta-mir-16b	5p	26,00	10,00	8,00	8,00	99,62	67,24	92,93	tagcagcacgtaaatattggc
bta-let-7g	86,00	bta-let-7g	5p	86,00	15,00	42,00	29,00	149,43	352,99	336,86	tgaggtagtagtttgtacagtt
bta-miR-122	21,00	bta-mir-122	5p	21,00	5,00	11,00	5,00	49,81	92,45	58,08	tggagtgtgacaatggtgtttg
bta-miR-93	32,00	bta-mir-93	5p	32,00	9,00	13,00	10,00	89,66	109,26	116,16	caaagtgctgttcgtgcaggta
bta-miR-2284y	14,00	bta-mir-2284y-2	5p	14,00	2,00	8,00	4,00	19,92	67,24	46,46	aaaagttcgttcgggtttttc
bta-miR-2284y	13,00	bta-mir-2284y-4	5p	13,00	2,00	7,00	4,00	19,92	58,83	46,46	aaaagttcgttcgggtttttc
bta-miR-6529a	10,00	bta-mir-6529a	5p	10,00	3,00	2,00	5,00	29,89	16,81	58,08	gagagatcagaggcgcagagt
bta-miR-30a-5p	32,00	bta-mir-30a	5p	32,00	15,00	6,00	11,00	149,43	50,43	127,78	tgtaaacatcctcgactggaagct
rno-miR-340-5p	36,00	bta-mir-340	5p	36,00	13,00	10,00	13,00	129,50	84,04	151,01	ttataaagcaatgagactgatt
bta-miR-16a	16,00	bta-mir-16a	5p	16,00	7,00	5,00	4,00	69,73	42,02	46,46	tagcagcacgtaaatattggtg
bta-chr28_4425_mt	12,00	bta-chr28_4425	5p	12,00	8,00	3,00	1,00	79,69	25,21	11,62	atgggtttgggctgggtt
bta-let-7f	43,00	bta-let-7f-1	5p	43,00	10,00	19,00	14,00	99,62	159,68	162,62	tgaggtagtagattgtatagtt
bta-miR-25	56,00	bta-mir-25	3p	56,00	17,00	27,00	12,00	169,35	226,92	139,39	cattgcacttgtctcggtctga
bta-miR-26a	22,00	bta-mir-26a-2	5p	22,00	5,00	7,00	10,00	49,81	58,83	116,16	ttcaagtaatccaggataggct
bta-let-7a-5p	192,00	bta-let-7a-2	5p	192,00	35,00	93,00	64,00	348,66	781,61	743,43	tgaggtagtaggttgtatagtt
bta-miR-146b	61,00	bta-mir-146b	5p	61,00	18,00	23,00	20,00	179,31	193,30	232,32	tgagaactgaattccataggctgt
bta-miR-3432a	48,00	bta-mir-3432a-1	5p	48,00	14,00	20,00	14,00	139,46	168,09	162,62	tgcgggatctttagttgtggtg
bta-let-7a-5p	191,00	bta-let-7a-3	5p	191,00	35,00	92,00	64,00	348,66	773,21	743,43	tgaggtagtaggttgtatagtt
bta-miR-2284y	13,00	bta-mir-2284y-3	5p	13,00	2,00	7,00	4,00	19,92	58,83	46,46	aaaagttcgttcgggtttttc
bta-miR-27a-3p	27,00	bta-mir-27a	3p	27,00	5,00	14,00	8,00	49,81	117,66	92,93	ttcacagtggctaagttccg
bta-miR-7	227,00	bta-mir-7-3	5p	227,00	99,00	76,00	52,00	986,21	638,74	604,03	tggaagactagtgattttgttgtt
bta-miR-125b	47,00	bta-mir-125b-1	5p	47,00	10,00	22,00	15,00	99,62	184,90	174,24	tccctgagaccctaacttgtga
bta-miR-200b	16,00	bta-mir-200b	3p	16,00	3,00	7,00	6,00	29,89	58,83	69,70	taatactgcctggtaatgatg
bta-miR-34c	614,00	bta-mir-34c	5p	614,00	195,00	189,00	230,00	1942,54	1588,44	2671,68	aggcagtgtagttagctgattg
bta-miR-9-5p	18,00	bta-mir-9-2	5p	18,00	4,00	8,00	6,00	39,85	67,24	69,70	tctttggttatctagctgtatg
bta-miR-375	112,00	bta-mir-375	3p	112,00	28,00	53,00	31,00	278,93	445,43	360,10	ttttgttcgttcggctcgcgtga
bta-miR-103	13,00	bta-mir-103-1	3p	13,00	4,00	3,00	6,00	39,85	25,21	69,70	agcagcattgtacagggctatga
bta-miR-10b	31,00	bta-mir-10b	5p	31,00	11,00	11,00	9,00	109,58	92,45	104,54	taccctgtagaaccgaatttgtg
bta-miR-27b	69,00	bta-mir-27b	3p	69,00	13,00	26,00	30,00	129,50	218,51	348,48	ttcacagtggctaagttctgc
bta-miR-101	75,00	bta-mir-101-2	3p	75,00	19,00	26,00	30,00	189,27	218,51	348,48	tacagtactgtgataactgaa
bta-miR-132	11,00	bta-mir-132	3p	11,00	3,00	4,00	4,00	29,89	33,62	46,46	taacagtctacagccatggtcg
bta-miR-7	234,00	bta-mir-7-2	5p	234,00	102,00	77,00	55,00	1016,10	647,14	638,88	tggaagactagtgattttgttgtt
bta-miR-148b	17,00	bta-mir-148b	3p	17,00	9,00	3,00	5,00	89,66	25,21	58,08	tcagtgcatcacagaactttgt
bta-miR-3432a	49,00	bta-mir-3432a-2	5p	49,00	14,00	20,00	15,00	139,46	168,09	174,24	tgcgggatctttagttgtggtg
bta-miR-151-3p	33,00	bta-mir-151	3p	33,00	9,00	13,00	11,00	89,66	109,26	127,78	ctagactgaagctccttgagg
bta-miR-2284y	13,00	bta-mir-2284y-1	5p	13,00	2,00	7,00	4,00	19,92	58,83	46,46	aaaagttcgttcgggtttttc
bta-miR-100	2674,00	bta-mir-100	5p	2674,00	967,00	1051,00	656,00	9633,01	8833,05	7620,11	aacccgtagatccgaacttgtg
